asn,nama,jumlah_prefix
AS3382,"INDONESIAUNI-AS-AP University of Indonesia",7
AS3583,"ERX-IPTEK-ASN BPP Teknologi Networks Manager",0
AS4382,"INDONUSA-ID PT. Indonusa System Integrator Prima",12
AS4434,"ERX-RADNET1-AS PT Rahajasa Media Internet",55
AS4622,"ID-NIC Indonesia Network Information Center",12
AS4761,"INDOSAT-INP-AP INDOSAT Internet Network Provider",1023
AS4787,"ASN-CBN PT Cyberindo Aditama",451
AS4796,"BANDUNG-NET-AS-AP Institute of Technology Bandung",5
AS4800,"LINTASARTA-AS-AP PT Aplikanusa Lintasarta",730
AS4821,"SINERGINET-AS-ID PT Sinergi Semesta Telematika",2
AS4832,"INTERNUXNET-AS-ID PT. INTERNUX",0
AS4833,"GAHARU-AS-ID PT. Gaharu Sejahtera",15
AS4855,"PI-ID-AS-AP Pacific Link Indonesia",3
AS7543,"PRNSI-AS-AP PT Reach Network Services Indonesia",10
AS7587,"ACCESSNETWORKS TRANSMEDIA-",3
AS7597,"IIX-AS-AP Indonesia Internet Exchange",0
AS7632,"LINKNET-EXCHANGE-AS-ID Linknet-Exchange ASN",22
AS7713,"TELKOMNET-AS-AP PT Telekomunikasi Indonesia",4010
AS7717,"OPENIXP-AS-ID-AP OpenIXP ASN",5
AS9228,"CENTRALONLINE-ID-AS-AP PT. Total Info Kharisma",27
AS9235,"DVO-ID PT. Dunia Virtual Online",0
AS9251,"INTERLINK-TECH-AS-ID PT INTERLINK TECHNOLOGY",1
AS9326,"CENTRIN-AS-AP PT Centrin Utama",40
AS9340,"INDONET-AS-AP INDO Internet, PT",367
AS9341,"ICONPLN-ID-AP-ISP PT INDONESIA COMNETS PLUS",586
AS9422,"SOLNET-ID PT SOLNET INDONESIA",84
AS9448,"IDNIC-CYBERDC-AS-ID PT. MEDIA NUSANTARA GLOBAL DATA",0
AS9462,"BOLEH-NET-AP BOLEHNET-ASN",0
AS9657,"MELSANET-ID-AP Melsa-i-net AS",48
AS9785,"JASATELNET-AS-ID PT Berca Hardayaperkasa",17
AS9791,"PERDANA-ID-AS-AP PERDANA Network AS Content Service Provider",0
AS9794,"DNET-ID-AP PT. Core Mediatech D-NET",34
AS9875,"PESAT1-AS-AP PT. Pasifik Satelit Nusantara",84
AS9905,"LINKNET-ID-AP Linknet ASN",109
AS10114,"ASIANET-AP PT.Medialintas Antar Buana",0
AS10137,"TELKOMSAT-AP PT Telkom Satelit Indonesia",9
AS10208,"THENET-AS-ID-AP PT. Millenium Internetindo",7
AS10217,"NTT-NET-ID-AS PT. NTT Indonesia",21
AS10220,"INTERFAST-AS-ID PT. Kreasi Sejahtera Teknologi",2
AS17440,"SAANET-AS-ID PT Sinar Alam Abadi",5
AS17450,"IDNIC-BCA-ID PT Bank Central Asia, Tbk",29
AS17451,"BIZNET-AS-AP BIZNET NETWORKS",652
AS17454,"HASINDONET-AS-ID-AP PT Hasindo Net",0
AS17538,"CIRCLECOM-AS-ID-AP PT. Circlecom Nusantara Indonesia",23
AS17553,"IPBNET-AS-AP Bogor Agricultural University",5
AS17658,"PT. Khasanah Timur Indonesia",0
AS17670,"MNCKABELMEDIACOM-ID PT. MNC Kabel Mediacom",34
AS17671,"ASN-JETCOMS JETCOMS-ID Autonomous system",19
AS17725,"PHEONWJ-AS-ID Pertamina Hulu Energi ONWJ",1
AS17727,"NAPINFO-AS-AP PT. NAP Info Lintas Nusa",34
AS17769,"CITYNET-AP PT Indopratama Teleglobal ISPWisma BSG Floor 6",3
AS17800,"IIX-AS-AP Indonesia Internet Exchange IIX",0
AS17817,"DAKSH-IN Concentrix Daksh Services India Private Limited",23
AS17826,"SATATANET-ID PT Satata Neka Tama",31
AS17884,"UNINET-AP PT. Uninet Media Sakti ISP",14
AS17885,"JKTXLNET-AS-AP PT XL Axiata Tbk",140
AS17910,"TIGAKOM-AS-ID PT. Tigatra Infokom",25
AS17922,"INDOSAT-INP INDOSAT Internet Network Provider",0
AS17974,"TELKOMNET-AS2-AP PT Telekomunikasi Indonesia",0
AS17995,"SOLUSINET-AS-ID PT iForte Global Internet",665
AS17996,"UIINET-ID-AP PT Global Prima Utama",18
AS18004,"WIRELESSNET-ID PT WIRELESS INDONESIA  WIN",207
AS18007,"INHERENT-AS-ID-AP INHERENT",0
AS18051,"JARDIKNAS-AS-AP Pustekkom",26
AS18052,"ASIAKOMNET-ID-AP Asiakomnet Multimedia, PT",4
AS18056,"ABADINET-AS-AP Pt Mithaharum Abadi",5
AS18059,"DTPNET-AS-AP DTPNET NAP",111
AS18103,"NEUVIZ-AS-ID-AP Neuviz Net",85
AS18112,"KSNET-ID-AS-AP PT. Sejuta Jaring Global",1
AS18153,"MULTIDATA-ID-AP PT Multidata Rancana Prima",8
AS18156,"BITNET-ID-AP BITNET ISP AS",12
AS18189,"BROADNETASIA-AP Broadband Network Asia",0
AS18237,"VISION-ID Visionnet AS Number",0
AS18251,"IGF2013-ID Internet Governance Forum 2013",0
AS18347,"IPNET-ID Indo Pratama CyberNet, PT.",0
AS18355,"DONGSUH-AS-ID-AP PT. Dongsuh Securities",3
AS18364,"QUASAR-ID PT Quasar Jaringan Mandiri",0
AS18365,"GRAMEDIA-ID GRAMEDIA, PT.",6
AS18379,"CSMNAP-AS-AP CSMNAP-ASN",14
AS18393,"JAVA-AS-AP Java Online, PT.",10
AS18394,"UPI-AS-ID Universitas Pendidikan Indonesia",2
AS23651,"IDNIC-AS-ID Indonesia Network Information Center",0
AS23666,"SISTELINDO-AS-ID PT Sistelindo Mitralintas",50
AS23671,"JMN-AS-ID PT. Sarana InsanMuda Selaras",33
AS23679,"NUSANET-AS-ID PT. Media Antar Nusa",117
AS23691,"MITRA-NET-AS-AP PT Multi Teknologi Sejahtra",0
AS23692,"ER-ID-AS Estiko Ramanda AS",4
AS23693,"TELKOMSEL-ASN-ID PT. Telekomunikasi Selular",631
AS23694,"IDNIC-ICONMEDIANETWORK-AS-ID PT Iconmedia Lintas Nusantara",7
AS23695,"ELGANET-AS-ID ELGANET-ASN PT. Elga Yasa Media Internet Service",32
AS23696,"FIRSTASIANET-AS-ID PT Asia Utama.",17
AS23697,"JALAWAVE-AS-ID PT Jalawave Cakrawala",0
AS23698,"Internet Service Provider",0
AS23699,"EZNET-AS-ID IP Teknologi Komunikasi, PT.",16
AS23700,"FASTNET-AS-ID Linknet-Fastnet ASN",160
AS23756,"Padi Internet",50
AS23861,"PTMASI-AS-AP PT Mirae Asset Sekuritas Indonesia",6
AS23945,"INDOTRANS-AS-ID Indotrans Data, PT",0
AS23946,"TOPNET-AS-ID PT Dunia Informasi Teknologi TOPNET",0
AS23947,"MORATELINDONAP-AS-ID PT.Mora Telematika Indonesia",13
AS23948,"ORBICOMNET-AS-ID Global Inti Corporatama PT.",0
AS23949,"COMNET-AS-ID PT Comtronics Systems",40
AS23950,"GENID-AS-ID Generasi Indonesia Digital PT.",2
AS23951,"CITRA-AS-ID PT JEMBATAN CITRA NUSANTARA",145
AS23952,"THAMRINNET-ISP-ID Thamrin Telekomunikasi Network PT.",17
AS23953,"SCBDNET-AS-ID PT ARTHA TELEKOMINDO",53
AS23954,"BANKMANDIRI-CBN-ID PT. Bank Mandiri Persero Tbk.",8
AS24048,"ISC-CGK1 Internet Systems Consortium, Inc.",0
AS24057,"AIGL-AS-AP PT. AIA FINANCIAL, Insurance company, Indonesia",0
AS24180,"CCTLD-ID-AS-AP ccTLD-ID Anycast ASN",0
AS24194,"Triple Play",0
AS24195,"DHECYBER-AS-ID PT. Dhecyber Flow Indonesia",24
AS24196,"GLOBAL-AS-ID PT Global Cibubur Access",0
AS24197,"BIGNET-AS-ID Elka Prakarsa Utama, PT",0
AS24198,"DATAKOMNAP-AS-ID PT. Datakom Padma Jaya DatakomNAP",6
AS24199,"DNK-AS-ID Dini Nusa Kusuma, P.T.",1
AS24200,"CAKRAMEDIA-AS-ID PT. Cakramedia Indocyber",8
AS24201,"ANDALASMEDIA-AS-ID PT. Andalas Media Informatika",8
AS24202,"PAKTELNET-AS-ID PT. PASIFIKTEL INDOTAMA",8
AS24203,"NAPXLNET-AS-ID PT XL Axiata",565
AS24204,"SATNETCOM-AS-ID Satnetcom Balikpapan PT.",9
AS24205,"BANKPERMATA-THIS-AS-IDNIC-ID PT. Bank Permata Tbk.",4
AS24206,"CHANNEL11-AS-ID PT Cakra Lintas Nusantara",2
AS24207,"EXPRESSNET-AS-ID PT NettoCyber Indonesia",94
AS24208,"NAPXLNET-AS-ID PT XL Axiata Tbk",0
AS24209,"INTERMEDIANET-AS-ID PT. Inter Media Lintas Nusa",8
AS24210,"ANGKASAWAVE-AS-ID Angkasa Sarana Teknik Komunikasi PT",8
AS24211,"DETIK-AS-ID PT. Detik Ini JUga",12
AS24212,"JASNET-AS-ID PT. JASNITA TELEKOMINDO",16
AS24213,"ARSEN-AS-ID PT. Arsen Kusuma Indonesia",32
AS24225,"SMA-ID ABSSMA-INDONESIA",12
AS24518,"AXIS-AS-ID PT. Axis Telekom Indonesia",0
AS24519,"KUSUMA-AS-ID PT Kusuma Dinatha Jaya Abadi",3
AS24520,"WIMAX-INHERENT-AS-ID PT. Cyber Network Indonesia",0
AS24521,"DATAUTAMA-NAP-ID PT. DATA Utama Dinamika",74
AS24522,"GLOBALPORTNET-AS-ID PT Global Port Binekatara",0
AS24523,"ORION-AS-ID Orion Cyber Internet",89
AS24524,"IDNIC-KALTIMPROV-AS-ID Pemerintah Daerah Provinsi Kalimantan Timur",1
AS24525,"SAP-AS-ID PT Solusi Aksesindo Pratama",24
AS24526,"BINUS Bina Nusantara University",15
AS24527,"DAKARANET-AS-ID PT Hanasta Dakara",53
AS24528,"KTP-AS-ID PT. Khasanah Teknologi Persada",2
AS24529,"INFOTAMA-AS-ID PT. Infotama Lintas Global",5
AS24530,"POWERNET-AS-ID PT. Power Telecom Indonesia",35
AS24531,"TN-AS-ID Telemedia Nusantara, PT.",0
AS24532,"INET-AS-ID PT. Inet Global Indo",51
AS24533,"ENCIETY-AS-ID Enciety Binakarya Cemerlang,P.T",0
AS24534,"TRANSHYBRID-AS-ID PT. Transhybrid Communication",18
AS24535,"ISATNET-AS-ID PT.Insan Sarana Telematika",52
AS24536,"ELNUS-AS-ID PT. Elektrindo Data Nusantara",11
AS24537,"PDA-AS-ID PT Paket Data Andal",3
AS24538,"DIGISATNET-AS-ID DIGITAL SATELLITE INDONESIA PT.",8
AS38060,"Internet Exchange Provider",11
AS38141,"CITRAMEDIA-AS-ID PT. Citramedia Network",1
AS38142,"UNAIR-AS-ID Universitas Airlangga",17
AS38143,"BLUELINE-AS-ID PT. Rabik Bangun Pertiwi, PMA",9
AS38144,"JALAWAVE-AS-ID PT Jalawave Cakrawala",47
AS38145,"PANCA-AS-ID PT. Panca Dewata Utama",8
AS38146,"DIGINET-AS-ID DIGITAL WIRELESS INDONESIA PT.",32
AS38147,"INOVANET-AS-ID PT. Inova Duapuluh Duapuluh",6
AS38148,"QIANDRA-AS-ID QIANDRA INFORMATION TECHNOLOGY PT",12
AS38149,"RATELINDONET-AS-ID PT. Bakrie Telecom",2
AS38150,"TELNET-AS-ID PT. TIME EXCELINDO",23
AS38151,"ENUM-AS-ID APJII-RD",0
AS38152,"NEXXG-NET PT Antar Mitra Prakarsa",0
AS38153,"UPH-AS-ID Universitas Pelita Harapan",16
AS38154,"PSN-NAP-AS PT. Pasifik Satelit Nusantara",6
AS38155,"AUDIANET-AS-ID Audianet Sentra Data, PT",0
AS38156,"ROUTELINK-AS-ID PT. Union Routelink Communication",16
AS38157,"IDNIC-TNIAU-AS-ID Tentara Nasional Indonesia Angkatan Udara TNI-AU",2
AS38158,"CBN-AS-ID PT. Cyberindo Aditama",7
AS38159,"JJNET-AS-ID PT Jivan Jaya Makmur Telecom",0
AS38160,"INSPRINT-AS-ID PT Ramaduta Teltaka",0
AS38161,"CORBEC-AS-ID PT CORBEC COMMUNICATION",0
AS38162,"DELTA-AS-ID PT DATA LAKE INDONESIA",1
AS38163,"SMARTFREN-AS-ID PT. Smartfren Telecom, Tbk",0
AS38164,"BUMINET-AS-ID PT BUMISEJAHTERA INTIKENCANA",0
AS38165,"ADSNET-AS-ID PT. AMBHARA DUTA SHANTI",18
AS38171,"DANAMON-AS-ID PT Bank Dananamon Indonesia Tbk",4
AS38202,"MNET-INDONESIA-AS-ID PT. Mnet Indonesia Transit AS",0
AS38211,"MCM-AS-ID PT. Mandiri Citra Makmur",13
AS38274,"MEGAXUS-AS-ID-AP PT. Megaxus Infotech",8
AS38320,"MMS-AS-ID PT Maxindo Mitra Solusi",167
AS38331,"ITS-AS-ID-AP Institut Teknologi Sepuluh Nopember",2
AS38482,"BIZNET2-AS-ID Biznet ISP",57
AS38494,"BAKRIE-BROTHERS-AS-AP PT. Bakrie & Brothers, Tbk",1
AS38496,"CNI-AS-ID PT Cyber Network Indonesia",92
AS38497,"SDI-AS-ID PT Sumber Data Indonesia",0
AS38498,"BIZNET-BII-AS-ID 203.31.164.023",6
AS38499,"ANTEL-AS-ID PT ANDOWA TELECOM",0
AS38500,"CROSSNET-AS-ID PT. Cross Network Indonesia",14
AS38501,"WAVENET-AS-ID PT Solusi Lintas Data",2
AS38502,"MDPNET-AS-ID PT. MULTI DATA PALEMBANG",6
AS38503,"INDOMAYA-AS-ID PT. Indomaya Wira Sejahtera",0
AS38504,"ALUCIONET-AS-ID PT ALUCIO NET",0
AS38505,"GMNUSANTARA-AS-ID PT Graha Multimedia Nusantara",15
AS38506,"PIKANET-AS-ID PT Pika Media Komunika",33
AS38507,"MITRATECHNET-AS-ID PT. Mitra Internet Tech",4
AS38508,"CBN-CARRIER-AS-ID PT. Cyberindo Aditama",1
AS38509,"MAXIMA-AS-ID PT. Maxima Data",0
AS38510,"DEPTAN-AS-ID KEMENTERIAN PERTANIAN REPUBLIK INDONESIA",2
AS38511,"TACHYON-AS-ID PT Remala Abadi",516
AS38512,"RIM-AS-ID MVNO",0
AS38513,"LINTASARTA-AS-ID PT Aplikanusa Lintasarta",34
AS38514,"IDNIC-AS-ID Indonesia Network Information Center",0
AS38515,"GRAHAMEDIA-NET-AS-ID GRAHAMEDIA INFORMASI, PT.",23
AS38516,"INFOKOMNAP-AS-ID Infokom Elektrindo, PT.",1
AS38517,"MAXMEDIA-AS-ID PT.Bangsawan Cyberindo",6
AS38518,"IDNIC-AS-ID Indonesia Network Information Center",0
AS38519,"SMARTFREN-AS-ID PT. Smartfren Telecom, Tbk",0
AS38520,"VISITNET-AS-ID Visindo Telematika Nusantara, PT",0
AS38521,"PISHON-AS-ID Pishon Wireless Teknologi, PT",0
AS38522,"TELINDONET-ID-AS Telindo Nusantara, PT",8
AS38523,"SISNET-ID PT. SRIWIJAYA INTERNET SERVICES",13
AS38524,"LAXONET-AS-ID Laxo Global Akses, PT",17
AS38525,"NETSOFT-AS-ID Netsoft, PT",0
AS38526,"IDNIC-PEMKOTYK-AS-ID Dinas Komunikasi Informatika dan Persandian Kota Yogyakarta",28
AS38527,"MLINK-AS-ID JAWA POS NATIONAL NETWORK MEDIALINK, PT",7
AS38567,"REKIND-AS-ID-AP PT. Rekayasa Industri",2
AS38569,"LYNX-AS-ID-AP PT Lynx Mitra Asia",0
AS38750,"TDS-AS-ID Telemedia Dinamika Sarana, PT",32
AS38751,"CERGIS-AS-ID PT Centra Global Investama",0
AS38752,"ARSEN-AS-ID Arsen Kusuma IndonesiaPT",0
AS38753,"SOLUSINDO-AS-ID Solusindo Bintang Pratama, PT",54
AS38754,"PRIMENET-AS-ID PRIMEDIA ARMOEKADATA INTERNET, PT.",5
AS38755,"BPS-AS-ID Biro Statistics",4
AS38756,"BKU-AS-ID PT Bintang Komunikasi Utama",3
AS38757,"ICONPLN-ID-AP-NAP PT INDONESIA COMNETS PLUS",19
AS38758,"HYPERNET-AS-ID PT. HIPERNET INDODATA",138
AS38759,"AIX-NAP-AS2-ID TRANSMEDIA INDONESIA, PT",9
AS38760,"IDNIC-MSA-AS-ID PT Media Sarana Akses",4
AS38761,"SPM-AS-ID PT. Sakti Putra Mandiri",9
AS38762,"DTPNET-AS-AP Dwi Tunggal Putra PT.",0
AS38763,"CYBERBINTAN-AS-ID PT. Cyber Bintan",7
AS38764,"POLRI-AS-ID MARKAS BESAR KEPOLISIAN REPUBLIK INDONESIA",8
AS38765,"ESDM-AS-ID Departemen Energi dan Sumber Daya Mineral",6
AS38766,"BMP-AS-ID PT. Bumi Merbabu Permai",9
AS38767,"IDNIC-AMSCLOUD-AS-ID PT Awan Media Semesta",8
AS38768,"PLATINUM-AS-ID PT. Platinum Network Indonesia",5
AS38769,"BITEK-AS-ID PT. Bit Technology Nusantara",13
AS38770,"TM-AS-ID PT. Tangara Mitrakom",7
AS38771,"CYBERPLUS-AS-ID PT Cyberplus Media Pratama",13
AS38772,"SMARTLINKNET-AS-ID PT. Smartlink Global Media.",4
AS38773,"CIPUTRA-AS-ID CiputraNet",8
AS38774,"IDNIC-ID Indonesia Network Information Center",0
AS38775,"IDSIRTII-AS-ID Indonesia SIRT",2
AS38776,"JANUS-CDN-ID PT Radmila Pratama Multireka",0
AS38777,"NTT-NET-ID-BB-AS PT. NTT Indonesia",0
AS38778,"DWPNET-AS-ID PT. Dutakom Wibawa Putra",65
AS38779,"BMKG-AS-ID Badan Meteorologi dan Geofisika",3
AS38780,"VIVA-AS-ID PT Viva Media Baru",0
AS38781,"MASNET-AS-ID PT. Mitra Abdi Solusi",8
AS38782,"MLC-AS-ID PT.Mandiri Lintas Cakrawala",0
AS38783,"SIMAYA-AS-ID PT. Simaya Jejaring Mandiri",4
AS38784,"ORBICOMNET-AS-ID PT. Global Inti Corporatama",22
AS38785,"BAGUSNET-AS-ID PT. BORNEO BROADBAND TECHNOLOGY",7
AS38786,"BENINGNET-AS-ID PT. PATTINDO",0
AS38787,"VIPNET-AS-EEPIS-ITS Kampus ITS Keputih Sukolilo Surabaya",0
AS38788,"IDNIC-ICLOUD-AS-ID PT Indonesian Cloud",9
AS38789,"IDNIC-DUTANET-AS-ID CV. Duta Network Nusantara",0
AS38896,"CERGIS-AS-AP PT. Centra Global Investama",55
AS44817,"AS-RHZAHRA M Alhuda",4
AS44822,"GXT PT GXT Network Link",4
AS45146,"RAJASA-AS-ID-AP PT. Raja Sepadan Abadi",8
AS45147,"NAPINFO-TRANSIT-AS-AP PT. NAP Info Lintas Nusa",13
AS45239,"DEPLU-ASN-ID-AP Departemen Luar Negeri Indonesia",0
AS45286,"EDIINDONESIA-AS-ID PT EDI INDONESIA",3
AS45287,"VARNION-AS-ID Varnion Technology Semesta, PT",67
AS45288,"CYBER512-AS-ID KOMUNIKA LIMA DUABELAS, PT",0
AS45289,"INDOTRANS-AS-ID Indotrans Data, PT",7
AS45290,"IDNIC-ID Indonesia Network Information Center",0
AS45291,"PTINET-AS-ID PT Prima Telekom Indonesia",7
AS45292,"LIPI",0
AS45293,"UT-AS-ID Universitas Terbuka",2
AS45294,"WANXP-AS-ID PT. Wanriau Indoxp",29
AS45295,"KEPRINET-AS-ID PT. Cipta Informatika Cemerlang",17
AS45296,"NUSANTARA-AS-ID Rabik Bangun Nusantara, PT",0
AS45297,"IDNIC-ID Indonesia Network Information Center",0
AS45298,"INTERLINK-TECH-AS-ID INTERLINK TECHNOLOGY, PT",32
AS45299,"MAXIMA-2-AS-ID PT. Maxima Data",0
AS45300,"AJN-AS-ID PT AJN Solusindo",0
AS45301,"INOVANET-AS-ID PT. Inova Duapuluh Duapuluh",0
AS45302,"DESNET-AS-ID PT DES Teknologi Informasi",23
AS45303,"NURAMA-AS-ID PT. Nurama Indotama",0
AS45304,"PETRA-AS-ID PetraNet, Surabaya, Indonesia",5
AS45305,"LDP-AS-ID Lintas Data Prima, PT",52
AS45306,"KTP-AS-ID KHASANAH TEKNOLOGI PERSADA, PT",0
AS45307,"DNET-INDIKA-AS-ID Core Mediatech D-NET, PT",0
AS45308,"GCA-AS-ID Gheananta Cahaya Abadi, PT",0
AS45309,"MEDIAAKSES-AS-ID Media Akses Global Indo, PT",0
AS45310,"Broadband Internet Service.",0
AS45311,"IDNIC-ID Indonesia Network Information Center",0
AS45312,"MLD-ID PT MEDIA LINTAS DATA",40
AS45313,"PEMDA-NAD-AS-ID Dinas Perhubungan,komunikasi, informasi dan Telematika -NAD",8
AS45314,"MEDCOENERGI-AS-ID Medco E&P Indonesia, PT",1
AS45315,"POLARIS-AS-ID PT POLARISNET",4
AS45316,"IDNIC-KKI-AS-ID Kantor Komunikasi Dan Informatika Kota Bogor",2
AS45317,"JATARA-AS-ID Jaringan Lintas Utara, PT",10
AS45318,"IDNIC-ITERA-AS-ID Institut Teknologi Sumatera",2
AS45319,"UBHARA-AS-ID Universitas Bhayangkara",1
AS45320,"DEPKOMINFO-AS-ID Departemen Komunikasi dan Informasi Republik Indonesia",7
AS45321,"INDOMOG-AS-ID INDOMOG, PT",0
AS45322,"IDNIC-ID Indonesia Network Information Center",0
AS45323,"INTERLINK-TECH-AS-ID PT INTERLINK TECHNOLOGY",2
AS45324,"GMEDIA-AS-ID Global Media Teknologi, PT",2
AS45325,"PC24NET-AS-ID PT PC24 Telekomunikasi Indonesia",22
AS45493,"International Internet Exchange Provider",2
AS45658,"Senayan City",4
AS45696,"PPATK-AS-ID Pusat Pelaporan dan Analisis Transaksi Keuangan",2
AS45697,"UBAYA-AS-ID Universitas Surabaya",4
AS45698,"BONET-AS-ID Bonet Utama, PT",0
AS45699,"JDN-AS-ID Jogja Digital, PT",0
AS45700,"IDNIC-STARLINK-AS-ID PT Starlink Services Indonesia",71
AS45701,"PIMAM-ID PT. Internet Madju Abad Milenindo",64
AS45702,"CITRA-AS-ID PT JEMBATAN CITRA NUSANTARA",0
AS45703,"BKPM-AS-ID Badan Koordinasi Penanaman Modal BKPM",2
AS45704,"IDNIC-ID Indonesia Network Information Center",0
AS45705,"PPTIK-UGM-AS-ID Universitas Gadjah Mada",18
AS45706,"TGG-AS-ID Tele Globe Global, PT",28
AS45707,"PRIMELINK-AS-ID Prime Link Communication, PT",10
AS45708,"SURABAYA-AS-ID Pemerintah Kota Surabaya",8
AS45709,"LDP-AS-ID LDP-EXCHANGE",0
AS45710,"CHOICENET-AS-ID Yudhawira Khatulistiwa, PT",16
AS45711,"IMEDIABIZ-AS-ID Imediabiz Indonesia",2
AS45712,"DEPLU-AS-ID Departemen Luar Negeri Republik Indonesia",5
AS45713,"DETELNETWORKS-ID PT. DEWATA TELEMATIKA",4
AS45714,"STI-AS-ID Sampoerna Telekomunikasi Indonesia, PT",0
AS45715,"IDNIC-KEMHAN-AS-ID PUSDATIN KEMHAN RI",4
AS45716,"JETFLASH-AS-ID Cikarang Cyberindo PT.",5
AS45717,"IDNIC-ID Indonesia Network Information Center",0
AS45718,"JOS-AS-ID PT Juragan Online Solusi",4
AS45719,"DNS Filtering Project",0
AS45720,"IDNIC-LPDB-AS-ID Lembaga Pengelola Dana Bergulir",2
AS45721,"VARNION-AS-ID Varnion Technology Semesta, PT",0
AS45722,"INTERSATNET-AS-ID Widya Intersat Nusantara, PT",8
AS45723,"OMADATA-AS-ID Omadata Indonesia, PT",2
AS45724,"MULTIMEDIA-AS-ID Multi Media Access, PT",6
AS45725,"KINGS-AS-ID Kings Network Indonesia, PT",41
AS45726,"LIONAIR-AS-ID Lion Mentari Airlines, PT",1
AS45727,"THREE-AS-ID PT Indosat Ooredoo Hutchison",16
AS45728,"IDNIC-ID Indonesia Network Information Center",0
AS45729,"INDONET-AS-AP INDO Internet, PT",0
AS45730,"LINTASARTA-AS-ID Aplikanusa Lintasarta, PT",0
AS45731,"ARDH-AS-ID ARDH GLOBAL INDONESIA, PT",12
AS45732,"DEPKEU-AS-ID Pusat Sistem Informasi dan Teknologi Keuangan  Pusintek",8
AS45733,"CIFOR-AS-ID Center For International Forestry ResearchCIFOR",3
AS45734,"IDNIC-METROTV-AS-ID PT Media Televisi Indonesia",4
AS45735,"UNINET-NAP-AS-ID PT. UNINET MEDIA SAKTI",2
AS45770,"SBY-EPROC-AS-ID Bagian Administrasi Pembangunan Pemerintah Kota Surabaya",2
AS45786,"HTSNET-AS-ID PT. Hawk Teknologi Solusi",87
AS46016,"ANTARA-AS-ID LKBN ANTARA",3
AS46017,"BAKOSURTANAL-AS-ID Badan Koordinasi Survei dan Pemetaan Nasional BAKOSURTANAL",2
AS46018,"DEPPERIN-AS-ID Departemen Perindustrian Republik Indonesia",1
AS46019,"UNIBRAW-AS-ID Universitas Brawijaya",13
AS46020,"OGI-AS-ID Orange Garden Indonesia, PT",3
AS46021,"AU-AS-ID Abi Ummi Corporation",0
AS46022,"IDNIC-ALIANSISAKTI-AS-ID PT ALIANSI SAKTI",0
AS46023,"QUANTUMNET-AS-ID PT Quantum Tera Network",53
AS46024,"BNI-AS-ID PT. Bank Negara Indonesia Persero, Tbk.",7
AS46025,"CBN-GLOBAL-AS-ID PT. Cyberindo Aditama",1
AS46026,"BBT-AS-ID BATAM BINTAN TELEKOMUNIKASI, PT",15
AS46027,"POSTEL-AS-ID Direktorat Jenderal Pos dan Telekomunikasi Dirjen Postel",1
AS46028,"PACNET-AS-ID Transkon Jaya, PT",0
AS46029,"SGK-AS-ID PT. SEKAWAN GLOBAL KOMUNIKA",8
AS46030,"JASTRINDONET-AS-ID PT Jastrindo Dinamika",59
AS46031,"TELKOMSAT-NAP-AS-ID PT Telkom Satelit Indonesia",4
AS46032,"CENTRIN-ID PT Centrin Online Prima",6
AS46033,"SPEEDSOFT-AS-ID Speedsoft, PT",0
AS46034,"DEPKES-AS-ID Departemen Kesehatan",4
AS46035,"TRIKOMSEL-AS-ID PT Trikomsel Oke Tbk",0
AS46036,"HTS-ID PT Hawk Teknologi Solusi",0
AS46037,"POEMS-AS-ID Phillip Securities Indonesia, PT",2
AS46038,"CEPATNET-AS-ID CepatNet",0
AS46039,"BAPEPAM-LK-AS-ID Badan Pengawas Pasar Modal dan Lembaga Keuangan",3
AS46040,"IDNIC-ID Indonesia Network Information Center",0
AS46041,"WIMAX-AS-ID Mobility:Nomadic:Fixed::Last-Mile",0
AS46042,"GUNADARMA-AS-ID Gunadarma University",5
AS46043,"IDNIC-ID Indonesia Network Information Center",0
AS46044,"UNPAD-AS-ID Universitas Padjadjaran",5
AS46045,"SIAK-AS-ID PT Sarana Pembangunan Siak",7
AS46046,"WTEL-U-NET-AS-ID Wireless Telecom Universal, PT",0
AS46047,"POLSRI-AS-ID Politeknik Negeri Sriwijaya",16
AS46048,"TRIMEGAH-AS-ID PT Trimegah Securities Tbk",2
AS46049,"UNDIP-AS-ID Universitas Diponegoro",9
AS46050,"JOGJACAMP-AS-ID PT JC Indonesia",7
AS46051,"CITRA-AS-ID PT JEMBATAN CITRA NUSANTARA",4
AS46052,"EEPIS-AS-ID Politeknik Elektronika Negeri Surabaya",6
AS46053,"GKD-AS-ID PT. Global Komunika Dewata",0
AS46054,"WLAN-AS-ID PT Wahana Lintas Nusa Persada",11
AS46055,"ROKA-AS-ID PT ROKA LANE ASIA",7
AS46056,"GCC-AS-ID PT Jovimaro Karya Agung",3
AS46057,"UMM-AS-ID Universitas Muhammadiyah Malang",3
AS46058,"LINKS-AS-ID PT. Triwahana Gemasakti",3
AS46059,"UM-AS-ID Universitas Negeri Malang",6
AS46060,"MEDIATRAC-AS-ID PT. Sitti Teknologi Indonesia",0
AS46061,"AIM-AS-ID PT. Adi Inti Mandiri",11
AS46062,"LINTASBUANA-AS-ID PT. BUANA LINTAS MEDIA",0
AS46063,"GRAHANET-AS-ID PT.Graha Telekomunikasi Indonesia",8
AS46064,"C2IX-IXP-AS-ID CYBER2 Internet Exchange",0
AS46065,"ICONPLN-AS-ID PT Indonesia Comnets Plus",3
AS47311,"RIPE-ATHARVA-AS-ID PT Atharva Telematika Persada",1
AS50104,"AS-TARIXNET-ID PT Pedjoeang Digital Networks",0
AS55652,"DASHNET-AS-ID Sumidhaz Permata Bunda, PT",8
AS55653,"SKYLINE-AS-ID Skyline Semesta, PT",31
AS55654,"IDNIC-IAINSURAKARTA-AS-ID IAIN Surakarta",2
AS55655,"SIMS-AS-ID PT. Saranainsan Mudaselaras",1
AS55656,"DEPHUB-AS-ID Ministry of Transportation Republic of Indonesia",1
AS55657,"IDNIC-ID Indonesia Network Information Center",0
AS55658,"HYPERNET-AS-ID PT. HIPERNET INDODATA",0
AS55659,"OD-IX-AS-ID PT Omadata Indonesia OMADATA Internet Exchange",0
AS55660,"MWN-AS-ID PT Master Web Network",0
AS55661,"JATISMOBILE-AS-ID PT Informasi Teknologi Indonesia",3
AS55662,"IDNIC-CITRAWEB-AS-ID CV. CITRAWEB NUSA INFOMEDIA",5
AS55663,"NETARA-AS-ID PT Poros Network Nusantara",0
AS55664,"IDNIC-INGLOM-AS-ID PT Inovasi Global Mumpuni",8
AS55665,"STMI-AS-ID PT Sampoerna Telemedia Indonesia",0
AS55666,"GMEDIA-AS-ID PT Media Sarana Data",106
AS55667,"IPTELECOM-AS-ID PT IP Telecom Multimedia Indonesia",4
AS55668,"JABARTELNET-AS-ID PT Jabar Telematika",8
AS55669,"MCS-AS-ID PT. Maxindo Content Solution",10
AS55670,"UNIVERSALNET-AS-ID PT. Universal Broadband",15
AS55671,"IDNIC-ID Indonesia Network Information Center",0
AS55672,"USD-AS-ID Universitas Sanata Dharma",2
AS55673,"LINKNET-IDX-AS-ID Linknet-IDX ASN",3
AS55674,"PUSKOM-UNY-AS-ID Universitas Negeri Yogyakarta",51
AS55675,"INTILAND-AS-ID Intiland Development Tbk. PT",0
AS55676,"GARUDA-AS-ID PT. Garuda Media Telematika",2
AS55677,"HTS-AS-ID PT. Hawk Teknologi Solusi",0
AS55678,"IDNIC-ID Indonesia Network Information Center",0
AS55679,"HYPERMEDIA-AS-ID PT Hyperindo Media Perkasa",7
AS55680,"KSI-UAJY-AS-ID Kantor Sistem Informasi Universitas Atma Jaya Yogyakarta",19
AS55681,"ASIASOFT-AS-D PT.ASIASOFT INDONESIA",0
AS55682,"FIBERMEDIA-AS-ID PT. Fiber Media Indonesia",0
AS55683,"IDNIC-ARGONDATA-AS-ID CV Argon Data Interkoneksi",3
AS55684,"UNS-AS-ID Universitas Sebelas Maret",6
AS55685,"JLM-AS-ID PT Jala Lintas Media",97
AS55686,"INDONETWORK-AS-ID PT INDONETWORK.",0
AS55687,"UNTAN-AS-ID Universitas Tanjungpura",2
AS55688,"BEON-AS-ID PT. Beon Intermedia",31
AS55689,"CYBERNUSA-AS-ID PT. CyberNusa Technology",0
AS55690,"ANDIRA-AS-ID PT Andira Infomedia",4
AS55691,"UMN-AS-ID Universitas Multimedia Nusantara",3
AS55692,"ICOM-AS-ID PT MILENIA MUKTI MANDIRI",0
AS55693,"BATI-AS-ID PT. Bangun Abadi Teknologi Indonesia",8
AS55694,"UCS-AS-ID Universitas Ciputra",2
AS55695,"UIN-AS-ID Universitas Islam Negeri Sunan Kalijaga Yogyakarta",39
AS55696,"SCOM-AS-ID Starcom Solusindo PT.",4
AS55697,"USU-AS-ID Universitas Sumatera Utara",4
AS55698,"INFOMEDIA-AS-ID Infomedia Nusantara PT.",3
AS55699,"STARNET-AS-ID PT. Cemerlang Multimedia",38
AS55700,"PUSKOMUNY-AS-ID Universitas Negeri Yogyakarta",0
AS55701,"ASNET-AS-ID PT. Usaha Adisanggoro",32
AS55794,"LYNX-AS-AP PT Lynx Mitra Asia",0
AS55818,"MCIX-AS-AP MC-IX Matrix Internet Exchange RS-1",7
AS56060,"SCBD-NET PT ARTHA TELEKOMINDO",2
AS56088,"Pengelola Nama Domain Internet Indonesia",0
AS56232,"IDNIC-PTRAM-AS-ID PT Royal Audrey Megah",0
AS56233,"ATSINDO-AS-ID PT Asia Teknologi Solusi",25
AS56234,"NARATEL-AS-ID PT Naraya Telematika",7
AS56235,"KOMI-AS-ID PT KOMATSU INDONESIA",2
AS56236,"BNN-AS-ID Badan Narkotika Nasional",2
AS56237,"UNILA-AS-ID Universitas Lampung",2
AS56238,"SPA-AS-ID PT. SURYAPUTRA ADIPRADANA",1
AS56239,"GASTRANET-AS-ID PT Graha Anugrah Sejahtera",10
AS56240,"DJARUM-AS-ID PT DJARUM",2
AS56241,"TELKOMSAT-AS-ID PT Telkom Satelit Indonesia",17
AS56242,"SKI-AS-ID PT SUMBER KONEKSI INDOTELEMATIKA",0
AS56243,"INDONUSA-AS-ID Indonusa System Integrator Prima PT.",2
AS56244,"TERACORD-AS-ID PT Teracord Indonesia",0
AS56245,"FAJAR-AS-ID PT Fajar Techno System",8
AS56246,"SDI-AS-ID PT Sumber Data Indonesia",25
AS56247,"QIN-AS-ID PT Quasar Jaringan Mandiri",0
AS56248,"INDAHKIATPP-AS-ID PT INDAH KIAT PULP & PAPER Tbk",4
AS56249,"IDNIC-ID Indonesia Network Information Center",0
AS56250,"SABNET-AS-ID PT. SEMESTA ASA BERSAMA",0
AS56251,"ATS-GLNET-AS-ID PT Acclivis Technologies and Solutions",6
AS56252,"INAP-AS-ID PT. Kreatif Pasific",1
AS56253,"BTPN-AS-ID PT. Bank Tabungan Pensiunan Nasional Tbk",4
AS56254,"UNRI-AS-ID UNIVERSITAS RIAU",2
AS56255,"TRANSTECH-AS-ID PT Transtech Communication Media",4
AS56256,"PERPUSNAS-AS-ID Perpustakaan Nasional RI",3
AS56257,"BPPPTI-AS-ID Balai Penyedia dan Pengelola Pembiayaan Telekomunikasi dan Informatika",0
AS56258,"PGAS-AS-ID PT. PGAS TELEKOMUNIKASI NUSANTARA",5
AS56259,"AGIT-AS-ID PT Astra Graphia Information Technology",4
AS56260,"PASCAL-AS-ID PT Pascal Indonesia",4
AS56261,"BTIP-AS-ID Balai Telekomunikasi dan Informatika Perdesaan",1
AS56306,"IDNIC-CIP-ID PT. Citra International Pratama",0
AS56868,"IDNIC-OMNIDC-AS-ID PT Omni Data Center Indonesia",0
AS58369,"FIBERNET-AS-ID PT. Fiber Networks Indonesia",154
AS58375,"UNUD-AS-ID Universitas Udayana",2
AS58376,"AKGU-AS-ID PT Angkasa Komunikasi Global Utama",17
AS58377,"SENTRACOLO-AS-ID Sentra Niaga Solusindo, PT.",5
AS58378,"BTIP-AS-ID Balai Telekomunikasi dan Informatika Perdesaan",15
AS58379,"MPGAMES-AS-ID PT MPGames",0
AS58380,"MUSTANG-AS-ID PT Mustang Inti Corpora",0
AS58381,"WOWRACK-AS-ID Wow Internet Indonesia",39
AS58382,"INDICA-AS-ID PT. Indie Internet Solution",0
AS58383,"IDNIC-DKLS-AS-ID PT Digital Komunikasi Lintas Sarana",3
AS58384,"COMRADINDO-AS-ID PT Comradindo Lintasnusa Perkasa",0
AS58385,"BSM-AS-ID PT. Bank Syariah Mandiri",7
AS58386,"MN-AS-ID PT. Maxindo Network",0
AS58387,"BPOM-AS-ID Badan Pengawas Obat dan Makanan",3
AS58388,"FIRSTMEDIA-AS-ID FirstMedia ASN",0
AS58389,"SDI-NAP-AS-ID PT Sumber Data Indonesia",24
AS58390,"FUS-AS-ID PT. Faasri Utama Sakti",1
AS58391,"CMS-AS-ID PT Citra Media Solusindo",0
AS58392,"SWW-AS-ID PT. Sewiwi Indonesia",7
AS58393,"KENCANA-AS-ID PT. Karya Kencana Karunia",0
AS58394,"BPK-AS-ID Badan Pemeriksa Keuangan BPK RI",2
AS58395,"CATFISH-AS-ID PT. DUNIACATFISH KREATIF MEDIA",0
AS58396,"DETELNETWORKS-ID PT. DEWATA TELEMATIKA",9
AS58397,"INFINYS-AS-ID PT Infinys System Indonesia",40
AS58398,"INDIKAENERGY-AS-ID PT. Indika Energy Tbk",3
AS58399,"BUBUNET-AS-ID PT. Bubu Networks Indonesia",0
AS58400,"UNNES-AS-ID Universitas Negeri Semarang",5
AS58401,"XROUTE-AS-ID PT. DEWATA TELEMATIKA",2
AS58402,"IDNIC-ID Indonesia Network Information Center",0
AS58403,"BPDDIY-AS-ID Bank Pembangunan Daerah DIY",1
AS58404,"QWORDS-AS-ID PT Qwords Company International",21
AS58425,"CERGIS2-AS-AP PT. Centra Global Investama",0
AS58449,"DOKU-ID PT Nusa Satu Inti Artha",4
AS58452,"ANTAMEDIAKOM-ID PT. Anta Mediakom",0
AS58463,"PGASCOM-AS-AP PT.PGAS TELEKOMUNIKASI NUSANTARA",5
AS58474,"MANGONET-AS-ID PT. MATRIXNET GLOBAL INDONESIA",9
AS58475,"UNLAM-AS-ID Universitas Lambung Mangkurat",4
AS58476,"DJP-AS-ID DIREKTORAT JENDERAL PAJAK",6
AS58477,"ARGON-AS-ID Argon Data Communication",19
AS58478,"PESAT2-AS-AP PT. Pasifik Satelit Nusantara",5
AS58479,"TRISAKTI-AS-ID Trisakti University",2
AS58480,"CIMBNIAGA-AS-ID PT Bank CIMB Niaga Tbk",4
AS58481,"ASTRA-AS-ID PT. Astra International, Tbk",6
AS58482,"PALAPAMEDIA-AS-ID PT. Palapa Media Indonesia",23
AS58483,"SPJ-AS-ID PT Sarana Polaris Jaya",0
AS58484,"DYNALABS-AS-ID PT. PRATESIS",1
AS58485,"WIFIAN-AS-ID WIFIAN",166
AS58486,"ITECHNET-AS-ID PT. Intelex Technet Global",0
AS58487,"CRI-AS-AP CV. Rumahweb Indonesia",63
AS58488,"IDNIC-KKP-AS-ID PUSDATIN KKP",5
AS58489,"PROGRESSIVMEDIA-AS-ID PT. Progressivmedia Indonesia",0
AS58490,"IDNIC-ID Indonesia Network Information Center",0
AS58491,"INDONAP-AS-ID PT Sarana Mukti Adijaya",1
AS58492,"UNISSULA-AS-ID Universitas Islam Sultan Agung",6
AS58493,"IDNIC-ID Indonesia Network Information Center",0
AS58494,"IDNIC-ID Indonesia Network Information Center",0
AS58495,"HSPNET-AS-ID PT Parsaoran Global Datatrans",307
AS58496,"XLIX-AS-AP PT XL AXIATA Tbk",0
AS58497,"INTEGRA-AS-ID PT Integra Ventura",2
AS58498,"IBS-AS-ID PT Infrastruktur Bisnis Sejahtera",2
AS58499,"IDNIC-PRIMASTREAM-AS-ID CV TIKA UTAMA",4
AS58500,"CITRANET-AS-ID Citra Internet Exchange",0
AS58501,"IDNIC-ID Indonesia Network Information Center",0
AS58502,"TELENETWORK-AS-ID PT. Antar jaringan Nusantara",0
AS58503,"PUSATMEDIA-AS-ID PT Pusat Media Indonesia",6
AS58514,"SUPERNET-AS-ID PT. Supernet Advance Teknologi",2
AS58549,"IDNIC-ID Indonesia Network Information Center",0
AS58550,"IDNIC-ID Indonesia Network Information Center",0
AS58551,"IDNIC-MTN-AS-ID PT. Mediatama Telematika Nusantara",0
AS58552,"MULTIDATA-ID-AP PT Multidata Rancana Prima",8
AS58553,"IDNIC-3DTECH-ID PT 3D Tech",4
AS58554,"IDNIC-ID Indonesia Network Information Center",0
AS58555,"UNINET-NAP-AS-ID PT UNINET Media Sakti",0
AS58556,"IDNIC-UNIKOM-AS-ID PT Universal Komunikatama",2
AS58557,"IDNIC-IONPAY-ID PT IONPay Networks",2
AS58558,"IDNIC-WIJAYASOLUSINDO-AS-ID PT Jagat Media Teknologi",11
AS58815,"PTII-AS Telekomunikasi Indonesia International PT",3
AS58816,"IDNIC-GARENA-AS-ID PT Garena Indonesia",30
AS58817,"SPOTNET-AS-ID PT. Usaha Mediantara Intranet",4
AS58818,"IDNIC-UMY-AS-ID Universitas Muhammadiyah Yogyakarta",15
AS58819,"ARSENETGS-AS-ID PT Arsenet Global Solusi",10
AS58820,"IDNIC-PTAMI-AS-ID APIK Media Networks",17
AS58821,"IDNIC-LJN-AS-ID PT Lintas Jaringan Nusantara",44
AS58822,"IDNIC-UNESA-AS-ID Universitas Negeri Surabaya",2
AS58823,"JMAT-AS-ID PT Jagat Media Teknologi",0
AS58824,"IDNIC-UNIMED-AS-ID Universitas Negeri Medan",2
AS58825,"IDNIC-COMETSNET-AS-ID PT Cometsnet Mandiri Sejahtera",0
AS58961,"OPENIP-AS Perhimpunan Klik Indonesia",0
AS59131,"IDNIC-UNIKA-AS-ID Universitas Katolik Soegijapranata",1
AS59132,"IDNIC-BI-AS-ID Bank Indonesia",4
AS59133,"IDNIC-DAYASITEL-AS-ID PT Daya Sinergi Telekomunikasi",4
AS59134,"IDNIC-DATACOMM-AS-ID PT. Datacomm Diangraha",28
AS59135,"IDNIC-SDK-AS-ID PT Suraloka Digital Kreatif",3
AS59136,"IDNIC-ID Indonesia Network Information Center",0
AS59137,"IDNIC-KEMHAN-AS-ID PUSDATIN KEMHAN RI",4
AS59138,"IDNIC-UNISBANK-AS-ID Universitas STIKUBANK",1
AS59139,"WIFIKU-AS-ID PT Wifiku Indonesia",21
AS59140,"IDNIC-GBN-AS-ID PT Global Borneo Nusantara",0
AS59141,"CENTRIN-AS2-ID PT Centrin Online Prima",0
AS59142,"IDNIC-BATAMKOTA-AS-ID Pemerintah Kota Batam",2
AS59143,"IDNIC-WIKA-AS-ID PT. Wijaya Karya",3
AS59144,"IDNIC-OSK188-AS-ID PT RHB OSK SECURITIES INDONESIA",0
AS59145,"IDNIC-CSB-AS-ID Cipta Sarana Borneo",0
AS59146,"IDNIC-BPB-AS-ID BP Berau Indonesia",0
AS59147,"IDNIC-DRUPADI-AS-ID PT. Drupadi Prima",13
AS59148,"IDNIC-XPNET-AS-ID PT Xepia Prima",0
AS59149,"TUJUHDELAPANSEMBILANNET-AS-ID PT. TUJUH DELAPAN SEMBILAN NET",9
AS59150,"RTIGA-AS-ID PT Rtiga Global Media",2
AS59151,"IDNIC-JOGJAPROV-AS-ID Diskominfo DIY",6
AS59152,"IDNIC-ID Indonesia Network Information Center",0
AS59153,"RUMAHWEB-AS-ID Rumahweb Indonesia CV.",0
AS59154,"IDNIC-IMSORG-AS-ID Yayasan Indonesia Memberi Solusi",0
AS59155,"IDNIC-INETKU-AS-ID PT. Pemuda Berkarya Manunggal",0
AS59156,"HOMEACCESS-AS-ID PT DEWATA TELEMATIKA",1
AS59157,"IDNIC-STKS-AS-ID Sekolah Tinggi Kesejahteraan Sosial",1
AS59158,"BLAMBANGAN-AS-ID PT Blambangan Cahaya Timur",4
AS59159,"BADAN PENGKAJIAN DAN PENERAPAN TEKNOLOGI",0
AS59160,"IDNIC-BKKBN-AS-ID Badan Kependudukan dan Keluarga Berencana Nasional",2
AS59271,"IDNIC-ID Indonesia Network Information Center",0
AS59272,"IDNIC-LST-AS-ID PT Lawang Sewu Teknologi",4
AS59273,"KLN-AS-ID PT KOMUNIKASI LINTAS NUSA",11
AS59274,"IDNIC-MST-AS-ID PT Mitra Solusi Telematika",2
AS59275,"IDNIC-UMS-AS-ID Universitas Muhammadiyah Surakarta",1
AS59276,"NOLSPOT-AS-ID PT Jaringan Multimedia Indonesia",3
AS59277,"IDNIC-MEETAZA-AS-ID PT Meetaza Prawira Media",0
AS59278,"VNTNET-AS-ID PT Jaringan VNT Indonesia",8
AS59279,"IDNIC-RMI-AS-ID PT Raja Mitra Informatika",4
AS59280,"IDNIC-KAILIGLOBAL-AS-ID PT. Kaili Global",6
AS59281,"SKINET-AS-ID PT Sumber Koneksi Indonesia",24
AS59282,"GPM-AS-ID PT Giga Patra Multimedia",31
AS59283,"IDNIC-CDT-AS-ID PT Cyber Data Technology",0
AS59284,"IDNIC-ID Indonesia Network Information Center",0
AS59285,"LATANSA-AS-ID PT Latansa Teknologi Multimedia",0
AS59286,"MERINDO-AS-ID PT Menara Infrastruktur Indonesia",0
AS59287,"IDNIC-MAXIMEDIA-AS-ID PT Maximedia Cakrawala",0
AS59288,"IDNIC-NETSENTRA-AS-ID PT Net Sentra Cyberindo",3
AS59289,"IDNIC-CDNET-AS-ID PT Ion Cybill",0
AS59290,"IDNIC-ALTRO-ID PT Altro Abirama",0
AS63488,"IDNIC-TOTALTEKNO-AS-ID PT Total Trimitra Teknologi",0
AS63489,"IDNIC-BPRTIK-AS-ID Balai Pelatihan Riset TIK BLSDM Kemkominfo",0
AS63490,"IDNIC-ARTHANET-AS-ID PT Artha Media Lintas Nusa",9
AS63491,"IDNIC-WIMA-AS-ID Universitas Katolik Widya Mandala",6
AS63492,"IDNIC-NUSATRIP-AS-ID PT Tunas Sukses Mandiri",0
AS63493,"IDNIC-NORLECTELEKOMINDO-AS-ID PT Norlec Telekomunikasi Indonesia",2
AS63494,"INNOVATION-AS-ID PT Inovasi Jaringan Nusantara",7
AS63495,"SMI-AS-ID PT Satelit Multimedia Indonesia",0
AS63496,"IDNIC-UNIPA-AS-ID Universitas Negeri Papua",0
AS63497,"ARANANETWORK-AS-ID PT. Arana Teknologi Indonesia",5
AS63498,"SPA-AS-ID PT. SURYAPUTRA ADIPRADANA",1
AS63499,"IDNIC-UNP-AS-ID Universitas Negeri Padang",1
AS63500,"IDNIC-UNAND-AS-ID Lembaga Pengembangan Teknologi Informasi dan Komunikasi",2
AS63501,"MEGAHUB-AS-ID PT Mega Mentari Mandiri",10
AS63502,"DHECYBER-NET PT. Dhecyber Flow Indonesia",0
AS63503,"IDNIC-NADYNE-AS-ID PT. Nadyne Media Tama",0
AS63504,"IDNIC-PANCADHARMA-ID Yayasan Panca Dharma",1
AS63505,"Surabaya",4
AS63506,"IDNIC-BASARNAS-AS-ID Badan SAR Nasional",2
AS63507,"IDNIC-HCML-ID Husky CNOOC Madura Ltd.",0
AS63508,"JOGJARINGAN-AS-ID PT DINAMIKA MEDIAKOM",6
AS63509,"IDNIC-MMP-ID PT Matra Mandiri Prima",0
AS63510,"UNSYIAH-AS-ID Syiah Kuala University Unsyiah",3
AS63511,"IDNIC-PELINDO3-ID PT Pelabuhan Indonesia III Persero",1
AS63512,"GRT-AS-ID PT Garuda Rias Teknologi",5
AS63513,"IDNIC-GG-ID PT Gudang Garam Tbk",4
AS63514,"SSI-AS-ID PT. Sumatra Sistem Integrasi",0
AS63515,"IDNIC-ID Indonesia Network Information Center",7
AS63516,"TRANSIX-AS-NET Transhybrid Internet Xchange",2
AS63517,"SURYAAM-AS-ID PT Surya Anugrah Mulya",0
AS63827,"ECONDELIGHT PT Econdelight",12
AS63858,"IDNIC-MANIRA-AS-ID PT Solusi Digital Manira",3
AS63859,"MYREPUBLIC-AS-ID PT. Eka Mas Republik",374
AS63860,"IDNIC-VIPERNETWORK-AS-ID PT Vitya Persada Informatika",0
AS63861,"IDNIC-ATM-AS-ID PT Aktif Tengah Malam",4
AS63862,"PASCALNET-AS-ID PT Pascal Solusi Nusantara",9
AS63863,"PTJSS-AS-ID PT Jaringan Sejahtera Selalu",2
AS63864,"MULTIDATA-ID-AP PT Multidata Rancana Prima",0
AS63865,"IDNIC-MADC-AS-ID PT Mataram Data Center",4
AS63866,"SOLUSINET-AS-ID PT iForte Global Internet",0
AS63867,"IDNIC-DESIBLE-AS-ID PT Tirta Karya Buana",0
AS63868,"NASIONALONLINE-AS-ID PT Nasional Online",4
AS63869,"MERAHPUTIH-AS-ID PT MERAH PUTIH TELEMATIKA",5
AS63870,"IDNIC-ID Indonesia Network Information Center",0
AS63871,"IDNIC-KLIKSERVER-AS-ID PT Bandhawa Tri Tirta",0
AS63872,"IDNIC-AIT-AS-ID PT Alam Informasi Teknologi",6
AS63873,"MAGNET-AS-ID PT Mitra Akses Globalindo",11
AS63874,"IDNIC-BOSOWA-AS-ID PT Celebes Media Jaringan",4
AS63875,"IDNIC-ID Indonesia Network Information Center",0
AS63876,"IDNIC-ISI-AS-ID Institut Seni Indonesia Yogyakarta",1
AS63877,"IDNIC-UNIVERSALKENDARI-AS-ID PT Universal Internet Service",1
AS63878,"VICTORYNET-AS-ID PT Victory Network Indonesia",9
AS63879,"IDNIC-UINSGD-AS-ID UIN Sunan Gunung Djati Bandung",3
AS63880,"IDNIC-ID Indonesia Network Information Center",0
AS63881,"MDI-AS-ID PT. Medianet Digital Indonesia",0
AS63882,"GPL-AS-ID PT Giga Prima Lestari",5
AS63883,"IDNIC-CLOUDSERVERS-AS-ID PT Senosan Multi Artha",1
AS63884,"IDNIC-IAINKUDUS-AS-ID Institut Agama Islam Negeri Kudus",1
AS63885,"MYNET-AS-ID PT Inovasi Tjaraka Buana",8
AS63886,"IDNIC-UPNYK-AS-ID Universitas Pembangunan Nasional Veteran Yogyakarta",1
AS63887,"IDNIC-ID Indonesia Network Information Center",0
AS63941,"AIAF-AS PT. AIA FINANCIAL",1
AS64020,"AIA-ID PT. AIA FINANCIAL",1
AS64023,"TOPAS-AS-ID PT Tunaspersada Cemerlang Jaya",0
AS64024,"YESIMEDIA-AS-ID PT Yesi Media Utama",4
AS64025,"PRONET-AS-ID PT Mitra Internet Makmur",0
AS64026,"IDNIC-CIREBONKAB-AS-ID Pemerintah Kabupaten Cirebon",2
AS64027,"SMARTPLUS-AS-ID PT SURYA TEKNIKA PRATAMA",4
AS64028,"IDNIC-DENBE-AS-ID PT Denbe Anugerah Solusindo",0
AS64029,"RWN-AS-ID PT. RAMA WIMA NUSANTARA",5
AS64030,"IDNIC-POLINES-AS-ID Politeknik Negeri Semarang",1
AS64031,"INTERFAST-AS-ID PT. Kreasi Sejahtera Teknologi",2
AS64032,"IDNIC-CPI-AS-ID PT Charoen Pokphand Indonesia Tbk",1
AS64297,"GLOBALMANDIRI-AS-ID PT Medialink Global Mandiri",5
AS64298,"IDNIC-UPNSBY-AS-ID UPN Veteran Surabaya",1
AS64299,"IDNIC-PRODIGY-AS-ID PT Interactive Prima Online",0
AS64300,"JSN-AS-ID PT JARINGANKU SARANA NUSANTARA",138
AS64301,"VJN-AS-ID PT Virtual Jaringan Nasional",0
AS64302,"Indonesia Research and Education Network",0
AS64303,"IDNIC-UNISBA-AS-ID Universitas Islam Bandung",1
AS64304,"WIN-NAP-AS-ID PT WIRELESS INDONESIA",0
AS64305,"IDNIC-UMPO-AS-ID UNIVERSITAS MUHAMMADIYAH PONOROGO",1
AS64306,"IDNIC-TEMANGGUNGKAB-AS-ID PEMERINTAH KABUPATEN TEMANGGUNG",2
AS64307,"IDNIC-PRUDENTIAL-AS-ID PT. PRUDENTIAL LIFE ASSURANCE",3
AS64308,"IDNIC-DATAON-AS-ID PT IndoDev Niaga Internet",2
AS64309,"IDNIC-HOMECREDIT-AS-ID Home Credit Indonesia",1
AS64310,"IDNIC-TIRTARAHARJA-AS-ID PDAM TIRTA RAHARJA",1
AS64311,"BINTANGKOMINDO-AS-ID PT. BINTANG KOMUNIKASI INDONESIA",0
AS64312,"IDNIC-DKN-AS-ID Dewan Ketahanan Nasional",1
AS64313,"NAPINFO-AS-ID PT. NAP Info Lintas Nusa",3
AS64314,"IDNIC-INTEGRASI-AS-ID PT. INTEGRASI NETWORK PERKASA",0
AS64315,"MVNET-AS-ID PT MITRA VISIONER PRATAMA",39
AS64316,"IDNIC-RADENFATAH-AS-ID Universitas Islam Negeri Raden Fatah Palembang",2
AS131075,"IDNIC-MOLINDOMEDIAPERSADA-AS-ID PT Molindo Media Persada",2
AS131111,"CEPATNET-AS-ID PT Mora Telematika Indonesia",446
AS131112,"MMTC-AS-ID Sekolah Tinggi Multi Media MMTC Yogyakarta",2
AS131113,"C2IX-IXP-AS-ID CYBER2 Internet Exchange",0
AS131114,"ID-NIC Indonesia Network Information Center",0
AS131115,"Indonesia Network Information Center [ID-NIC]",0
AS131116,"D-NET-ID-32 PT. Core Mediatech D-NET",0
AS131117,"CBN-MPLS-AS-ID MPLS Network Provider",1
AS131118,"CBN-NETWORKS-AS-ID Network Access Provider",1
AS131119,"CBNNET-AS-ID PT Cyberindo Aditama",0
AS131120,"Indonesia Network Information Center [ID-NIC]",0
AS131205,"IDNIC-RAZTEL-ID PT RAZTEL SOLUSINDO TELEMATIKA",1
AS131237,"FWDL-AS-AP PT. FWD Life Indonesia",0
AS131454,"IDNIC-MWK-ID PT MWK TELEMATIKA SOLUSI",0
AS131687,"BMP-AS-ID PT. Bumi Merbabu Permai",0
AS131688,"FN-AS-ID Fotografer Net Global, PT",0
AS131689,"QIANDRA-AS-ID QIANDRA INFORMATION TECHNOLOGY PT",0
AS131690,"VELO-AS-ID PT. Net2Cyber Indonesia",0
AS131691,"JASATELNET-AS-ID PT Berca Hardayaperkasa",6
AS131692,"ANGKASA-KOMUNIKASI-ID PT Angkasa Komunikasi Global Utama",0
AS131693,"IDNIC-KEMENAG-AS-ID Kementerian Agama KEMENAG",4
AS131694,"IDNIC-JABIKHA-AS-ID PT Jabikha Teknologi Indonesia",7
AS131695,"IDNIC-KAPANLAGI-AS-ID PT. KAPANLAGI.COM NETWORKS",0
AS131696,"IDNIC-QEON-AS-ID PT Qeon Interactive",0
AS131697,"SI-AS-ID PT Samudera Indonesia Tbk.",1
AS131698,"IDNIC-GM-AS-ID PT Digital Inisiatif",0
AS131699,"MMS-AS-ID PT Maxindo Mitra Solusi",5
AS131700,"CITRA-AS-ID PT JEMBATAN CITRA NUSANTARA",0
AS131701,"SDI-AS-ID PT Sumber Data Indonesia",0
AS131702,"IDNIC-MORA-IX-AS-ID Moratelindo Internet Exchange Point",12
AS131703,"IDNIC-UNJ-AS-ID Universitas Negeri Jakarta",2
AS131704,"IDNIC-BCA-AS-ID PT Bank Central Asia, Tbk",2
AS131705,"ANEKANET-AS-ID PT Aneka Teguh Jaya",11
AS131706,"TERABIT-AS-ID PT SELARAS CITRA TERABIT",26
AS131707,"MULTIDATA-ID-AP PT Multidata Rancana Prima",0
AS131708,"IDNIC-LMS-AS-ID Lintas Mandiri Surya PT.",0
AS131709,"IDNIC-UNSOED-AS-ID PENGGUNA DIKS PTH UNSOED",3
AS131710,"IDNIC-AERONET-AS-ID PT Aero Systems Indonesia",1
AS131711,"ORANGE-ISP-AS-ID PT Global Teknologi Teraindo",24
AS131712,"JASATELNET-BGA-AS-ID Wimax Network Indonesia",0
AS131713,"IDNIC-SPICELINK-AS-ID PT Sano Komunikasi",12
AS131714,"IDNIC-HOTZONE-AS-ID CV. Pelangi Naya Putri",0
AS131715,"IDNIC-BTN-AS-ID PT. Bank Tabungan Negara Persero Tbk",2
AS131716,"IDNIC-EQUNIX-AS-ID PT Equnix Business Solutions",2
AS131717,"IDNIC-CIFO-AS-ID PT Citra Jelajah Informatika",23
AS131718,"LINTASARTA-AS-AP PT Aplikanusa Lintasarta",1
AS131719,"IDNIC-PROVSS-AS-ID Dinas Perhubungan Kominfo Provinsi Sumatera Selatan",1
AS131720,"IDNIC-BPKADMKS-AS-ID BADAN PENGELOLAAN KEUANGAN DAN ASET DAERAH KOTA MAKASSAR",1
AS131721,"IDNIC-KALBE-AS-ID PT.KALBE FARMA Tbk",1
AS131722,"IDNIC-PU-AS-ID Kementerian Pekerjaan Umum",4
AS131723,"IDNIC-DJBC-ID Kementerian Keuangan Ditjen Bea Cukai",1
AS131724,"IDNIC-DISKOMINFO-JATENG-AS-ID DISKOMINFO PROV. JAWA TENGAH",4
AS131725,"IDNIC-VTC-AS-ID PT VTC Online Indonesia",0
AS131726,"IDNIC-DISHUBKOMINFO-TEGAL-AS-ID Diskominfo Kota Tegal",1
AS131727,"IDNIC-SMD-AS-ID PT Solusi Media Digital",0
AS131728,"ANEKASIGNAL-AS-ID PT Aneka Signal",7
AS131729,"IDNIC-INDOKONTEN-AS-ID PT Indokonten Sukses Makmur",0
AS131730,"IDNIC-SATKOMINDO-AS-ID PT. SATKOMINDO MEDIYASA",0
AS131731,"IDNIC-ID Indonesia Network Information Center",0
AS131732,"COGINDO-AS-ID PT. COGINDO DAYABERSAMA",2
AS131733,"IDNIC-JENID-AS-ID PT Jendelaid persada Indonesia",0
AS131734,"IDNIC-UINJKT-AS-ID Universitas Islam Negeri Syarif Hidayatullah Jakarta",2
AS131735,"IDNIC-TNC-ID PT Telemedia Network Cakrawala",9
AS131736,"BDI-AS-ID PT. BIS DATA INDONESIA",9
AS131737,"IDNIC-JICT-AS-ID PT Jakarta International Container Terminal",1
AS131738,"IDNIC-GOLDENIT-AS-ID Golden IT",0
AS131739,"MENPAN-AS-ID Kementerian Pendayagunaan Aparatur Negara dan Reformasi Birokrasi",2
AS131740,"SMARTMEDIA-AS-ID PT Smart Media Pratama",2
AS131741,"IDNIC-LKPP-AS-ID Lembaga Kebijakan Pengadaan BarangJasa Pemerintah",1
AS131742,"IDNIC-ID Indonesia Network Information Center",0
AS131743,"IDNIC-GBA-AS-ID PT GNET BIARO AKSES",8
AS131744,"IDNIC-CYBERDC-AS-ID PT. MEDIA NUSANTARA GLOBAL DATA",1
AS131745,"IDNIC-CYBERTECHTONIC-AS-ID PT. Cybertechtonic Pratama",42
AS131746,"PERMANA-AS-ID PT. Medianusa Permana",19
AS131747,"IDNIC-ID Indonesia Network Information Center",0
AS131748,"IDNIC-DISKOMINFO-KOTIM-AS-ID Dinas Komunikasi dan Informatika Kabupaten Kotawaringin Timur",0
AS131749,"MEDIAINDOCYBER-AS-ID PT. Arthatama Adhiprima Persada",23
AS131750,"SUFIANET-AS-ID PT Gisindo Inti Solusi",0
AS131751,"IDNIC-GSTATION-AS-ID PT Gstation Indonesia",0
AS131752,"IDNIC-SC-AS-ID PT. Sangat Cepat",0
AS131753,"IDNIC-VERD-AS-ID CV. VERD",0
AS131754,"IDNIC-UNMUL-AS-ID Universitas Mulawarman",0
AS131755,"IDNIC-AXARVA-AS-ID PT Axarva Media Teknologi",0
AS131756,"IDNIC-INDOWEBMEDIA-AS-ID PT. Indo Web Media",0
AS131757,"IDNIC-CYBERK-AS-ID Koperasi PRIMKOKAS",0
AS131758,"NINGNET-AS-ID PT. Bali Ning",2
AS131759,"IDNIC-WDS-AS-ID PT. Web Data Solusindo",4
AS131760,"IDNIC-PREMIER-OIL-AS-ID Premier oil Indonesia",2
AS131761,"IDNIC-INDONESIAPORT-AS-ID PT Pelabuhan Indonesia II",1
AS131762,"VOLTRAS-AS-ID PT. VOLTRAS International",1
AS131763,"IDNIC-TADULAKO-AS-ID Universitas Tadulako",2
AS131764,"IDNIC-WIRAMULIA-AS-ID PT. Wira Mulia Technology",0
AS131765,"IDNIC-DEPDAGRI-AS-ID Kementerian Dalam Negeri Republik Indonesia",3
AS131766,"IDNIC-SHERATON-AS-ID PT Pakuwon Jati, Tbk.",0
AS131767,"SOLONET-AS-ID PT. SOLO JALA BUANA",8
AS131768,"IDNIC-ID Indonesia Network Information Center",0
AS131769,"IDNIC-MAYATAMA-AS-ID PT Mayatama Solusindo",21
AS131770,"SOLUSINDO-AS-ID PT Solusindo Bintang Pratama",0
AS131771,"IDNIC-PELANGI-AS-ID PT Pelangi Indodata",0
AS131772,"IDNIC-ATWEB-AS-ID PT Mitra Persada Lentera Sejahtera",2
AS131773,"WNG-AS-ID PT WISUANDHA NETWORK GLOBALINDO",4
AS131774,"IDNIC-JKPINDO-AS-ID PT Jaya Kreasi Putera Indonesia",0
AS131775,"IDNIC-JALANET-AS-ID PT. Jupiter Jala Arta",16
AS131776,"IDNIC-LAPAN-AS-ID Lembaga Penerbangan dan Antariksa Nasional LAPAN",0
AS131777,"IDNIC-AS-ID Indonesia Network Information Center",0
AS131778,"DINUSTECH-AS-ID PT Dian Nuswantoro Teknologi",10
AS131779,"IDNIC-BDSI-DPR-AS-ID Bidang Data dan Sarana Informasi BDSI Sekjen DPR RI",2
AS131780,"ORION-IX-AS-ID PT Orion Cyber Internet",1
AS131781,"IDNIC-UINMALANG-AS-ID Universitas Islam Negeri Maulana Malik Ibrahin UIN Maliki",3
AS131782,"IDNIC-BUMN-AS-ID Kementerian Badan Usaha Milik Negara",1
AS131783,"IDNIC-INDOMARET-AS-ID PT. Indomarco Prismatama",3
AS131784,"IDNIC-SDPPI-SPEKTRUM-AS-ID Sumber Daya Dan Perangkat Pos Dan Informatika SIMS",1
AS131785,"IDNIC-MAHKAMAHAGUNG-AS-ID Mahkamah Agung RI",3
AS131786,"IDNIC-SPRINTASIA-AS-ID PT Sprint Asia Technology",1
AS132050,"IDNIC-FAJARNET-AS-ID PT Fajar Network Solutions",1
AS132105,"PGAS-IX-AS-AP Cyber Building 8th floor Jl. Kuningan Barat No. 8, Jakarta",0
AS132163,"IDNIC-SYNTARA-ID PT Syntara Digital Nusantara",1
AS132164,"KASKUSNETWORKS-AS PT Darta Media Indonesia",4
AS132230,"IDNIC-STP-AS-ID PT Sentrya Teknologi Putrawan",6
AS132402,"IDNIC-PTSCI-ID PT Sahabat Corp Indonesia",2
AS132412,"IDNIC-ADIRANET-ID PT Adira Media Teknologi",0
AS132495,"IDNIC-NETIN-ID PT Internet Indonesia Anugerah",1
AS132628,"CVT-AS-AP CV. Takara",0
AS132629,"IDNIC-ID Indonesia Network Information Center",0
AS132630,"IDNIC-ID Indonesia Network Information Center",0
AS132631,"RAYTEL-AS-ID PT Raytel Indonesia",0
AS132632,"IDNIC-BEYONDIT-AS-ID PT Beyond Integrasi Teknologi",0
AS132633,"IDNIC-ID Indonesia Network Information Center",0
AS132634,"IDNIC-EGOV-AS-ID Direktorat E-Goverment Kementerian KOMINFO",11
AS132635,"IDNIC-WONOARTO-AS-ID PT Wonoarto Media Nusantara",0
AS132636,"SMTNET-AS-ID PT Sarana Mediatama Indonesia",0
AS132637,"BITSNET-AS-ID PT BINA INFORMATIKA SOLUSI",8
AS132638,"IDNIC-IAIN-WALISONGO-AS-ID IAIN Walisongo Semarang",1
AS132639,"IDNIC-ILCS-AS-ID PT Integrasi Logistik Cipta Solusi",6
AS132640,"IDNIC-ID Indonesia Network Information Center",0
AS132641,"NETCITI-AS-ID PT Netciti Persada",29
AS132642,"IDNIC-UAD-AS-ID Universitas Ahmad Dahlan",12
AS132643,"IDNIC-KPU-AS-ID Komisi Pemilihan Umum",2
AS132644,"IDNIC-CBNCLOUD-AS-ID PT. Cyberindo Mega Persada",10
AS132645,"IDNIC-PPNS-AS-ID Politeknik Perkapalan Negeri Surabaya",5
AS132646,"IDNIC-HANZA-AS-ID PT Hanza Telecom",0
AS132647,"IDNIC-PANDI-AS-ID Pengelola Nama Domain Internet Indonesia",15
AS132648,"IDNIC-TIDINET-ID PT Tinelo Digital Network",0
AS132649,"ADAUNET-AS-ID PT Adau Putra Network",5
AS132650,"IDNIC-ID Indonesia Network Information Center",0
AS132651,"DATAUTAMA-AS-ID Datautama Dinamika, PT",0
AS132652,"IDNIC-UNINA-AS-ID PT. Cahaya Buana Raksa",24
AS132653,"B-LINK-AS-ID PT Transdata Sejahtera",7
AS132654,"IDNIC-NORLECTELEKOMINDO-AS-ID PT Norlec Telekomunikasi Indonesia",0
AS132655,"IDNIC-DPDRI-AS-ID Sekretariat Jenderal Dewan Perwakilan Daerah Republik Indonesia",2
AS132656,"IDNIC-ID Indonesia Network Information Center",0
AS132657,"IDNIC-TERASPOS-AS-ID PT Hexatama Mitra Jaya Abadi",0
AS132658,"IDNIC-DISKOMINFOPROVSU-AS-ID Dinas Komunikasi dan Informatika Provinsi Sumatera Utara",2
AS132659,"IDNIC-ID Indonesia Network Information Center",0
AS132660,"IDNIC-UNG-AS-ID Universitas Negeri Gorontalo",4
AS132661,"IDNIC-ID Indonesia Network Information Center",1
AS132662,"IDNIC-LOTTE-AS-ID PT. Lotte Data Communication Indonesia LDCI",1
AS132663,"INDOMEDIANET-AS-ID PT Indonesia Media Komunikasi Masyarakat",2
AS132664,"IDNIC-PTMCM-AS-ID PT. Merah Cipta Media",0
AS132665,"NEUVIZ",0
AS132666,"IDNIC-BANDARLAMPUNGKOTA-AS-ID Dinas Komunikasi dan Informatika Kota Bandar Lampung",0
AS132667,"IDNIC-UNJA-AS-ID Universitas Jambi",2
AS132668,"BALITOWERNET-AS-ID PT Bali Towerindo Sentra",4
AS132669,"IDNIC-GNET-AS-ID PT Globalnet Multi Data",11
AS132670,"IDNIC-DAGADU-AS-ID PT Aseli Dagadu Djokdja",1
AS132671,"ANDIRA-AS-ID PT Andira IT Solutions",0
AS132672,"SAHABATNET-AS-ID PT. Sahabat Prima Karya",0
AS132673,"IDNIC-ARANANETWORK-AS-ID PT Arana Teknologi Indonesia",2
AS132674,"IDNIC-UWK-AS-ID Universitas Wijaya Kusuma",0
AS132675,"TAB-AS-ID PT. Terang Abadi Bersama",0
AS132676,"IDNIC-UNSRI-AS-ID Universitas Sriwijaya",3
AS132677,"GARUDAINFORMATIKA-AS-ID PT Garuda Media Informatika",0
AS132678,"IDNIC-UNEJ-AS-ID Universitas Jember",4
AS133039,"IDNIC-AUREA-ID PT AUREA CYBER TELEMATIKA",1
AS133062,"IDTELKOM-AS-AP Telekomunikasi Indonesia PT",3
AS133095,"IDNIC-PFI-ID PT Pusat Fiber Indonesia",5
AS133140,"IDNIC-BKJ-ID PT BERKAH JAYA MAHAWIRA",0
AS133166,"PERTAMINA-AS-ID PT Pertamina Persero",3
AS133207,"KBZ-AS-AP PT. Kerbiz Mediatama",0
AS133335,"IDNIC-PNP-AS-ID Politeknik Negeri Padang",1
AS133336,"IDNIC-MAHKAMAHAGUNG-AS-ID Mahkamah Agung RI",0
AS133337,"IDNIC-MSS-AS-ID PT Menara Sinar Semesta",6
AS133338,"IDNIC-BIMAXMEDIA-AS-ID PT Mika Persada",0
AS133339,"CLOUDXCHANGE-ID DEWATA TELEMATIKA PT.",0
AS133340,"IDNIC-ID Indonesia Network Information Center",0
AS133341,"IDNIC-DIOTRI-AS-ID PT Diotri Global Media",0
AS133342,"IDNIC-ARGMEDIA-AS-ID CV. Agung Rizki Group",0
AS133343,"IDNIC-BAPPENAS-AS-ID BADAN PERENCANAAN PEMBANGUNAN NASIONAL",2
AS133344,"IDNIC-BLANJADOTCOM-AS-ID PT MetraPlasa",0
AS133345,"IDNIC-POLHUKAM-AS-ID KEMENKO POLHUKAM RI",1
AS133346,"IDNIC-GDN-AS-ID PT Global Digital Niaga",0
AS133347,"IPC-AS-ID PT Indo Premier Securities",1
AS133348,"IDNIC-CNOOC-AS-ID CNOOC SES LTD.",0
AS133349,"IDNIC-JUC-AS-ID PT Jasa Utama Capital",7
AS133350,"IDNIC-CDNET-AS-ID PT Ion Cybill",0
AS133351,"IDNIC-IYAA-AS-ID PT Indoportal Nusantara",0
AS133352,"BPMNET-AS-ID PT. Berdikari Prima Mandiri",10
AS133353,"IDNIC-DIGITAMA-AS-ID PT Digita Media Utama",0
AS133354,"IDNIC-AKPA-AS-ID PT Anugerah Karunia Perkasa Abadi",4
AS133355,"IDNIC-POLBAN-AS-ID Politeknik Negeri Bandung",2
AS133356,"IDNIC-KINEZNETWORK-AS-ID PT. Kinez Network Solutions",0
AS133357,"IDNIC-TELU-AS-ID TELKOM UNIVERSITY",2
AS133358,"IDNIC-AXARVA-AS-ID PT Axarva Media Teknologi",0
AS133359,"IDNIC-ERUDEYE-AS-ID PT. Erudeye Indonesia",0
AS133360,"IDNIC-AWINET-AS-ID PT Awinet Global Mandiri",12
AS133361,"IDNIC-UNPAR-AS-ID Universitas Katolik Parahyangan",2
AS133362,"IDNIC-ID Indonesia Network Information Center",0
AS133363,"ARGON-AS-ID Argon Data Communication",0
AS133364,"IDNIC-PNJ-AS-ID Politeknik Negeri Jakarta",1
AS133371,"IDNIC-SOKKAFIBER-NAP-ID PT SOKKA TAMA FIBER",1
AS133461,"IDNIC-MTU-AS-ID PT Master Telekomunikasi Utama",0
AS133468,"IDNIC-DBTNET-ID PT Daya Bumi Telekomunikasi Pati",0
AS133520,"IDNIC-GLOBAL-SARANA-ID CV Global Sarana Elektronika",0
AS133579,"IDNIC-DISKOMINFOKALBAR-AS-ID Dinas Komunikasi dan Informatika Provinsi Kalimantan Barat",1
AS133637,"IDNIC-NMS-ID PT Nusantara Multimedia Solution Gorontalo",3
AS133796,"KEMENDAG-AS-ID Subbid Sistem Jaringan dan Infrastruktur",3
AS133797,"ACSATA-AS-ID PT Rekajasa Akses",10
AS133798,"SMARTFREN-AS-ID PT. Smartfren Telecom, Tbk",143
AS133799,"GOMEDS-AS-ID PT. GOMEDS NETWORK",9
AS133800,"IDNIC-BIZNETGIO-AS-ID PT Biznet Gio Nusantara",96
AS133801,"IDNIC-LYTO-AS-ID PT Lyto Datarindo Fortuna",0
AS133802,"IDNIC-UNPAS-AS-ID Universitas Pasundan Bandung",3
AS133803,"IDNIC-PTSTI-AS-ID PT Semesta Teknologi Informatika",3
AS133804,"IDNIC-FIC-AS-ID PT FANGBIAN ISKAN CORPORINDO",0
AS133805,"IDNIC-POLMAN-AS-ID Politeknik Manufaktur Negeri Bandung",1
AS133806,"PIMAM-ID PT. Internet Madju Abad Milenindo",0
AS133807,"IDNIC-BPN-AS-ID Badan Pertanahan Nasional",2
AS133808,"JETCOMS-AS-ID PT Jetcoms Netindo",0
AS133809,"ARTORIUS-AS-ID PT. Artorius Telemetri Sentosa",9
AS133810,"KK_MC_ASN1 PT Darta Media Indonesia",0
AS133811,"IBST-AS-ID PT Inti Bangun Sejahtera, tbk",3
AS133812,"IDNIC-LCMNETWORKS-ID LCM NETWORKS",0
AS133813,"IDNIC-SKYNINDO-AS-ID PT Cipta Skynindo",0
AS133814,"SUMATERANET-AS-ID PT Sumatera Global Mediatek",0
AS133815,"PRIMACOM-AS-ID PT Primacom Interbuana",64
AS133816,"IDNIC-KLH-ID Kementerian Lingkungan Hidup dan Kehutanan",1
AS133817,"INTIDATA-AS-ID PT Inti Data Telematika",7
AS133818,"IDNIC-UBB-AS-ID Universitas Bangka Belitung",1
AS133819,"CIM-AS-ID PT CITRA INFOMEDIA",4
AS133820,"IDNIC-GDI-AS-ID PT Gudang Data Indonesia",0
AS133821,"IDNIC-MCS-AS-ID PT Maxindo Content Solution",4
AS133822,"IDNIC-KAI-AS-ID PT Kereta Api Indonesia Persero",2
AS133823,"INFOKOM-AS-ID PT Infokom Elektrindo",31
AS133824,"IDNIC-UINMKS-AS-ID Universitas Islam Negeri Alauddin Makasar",1
AS133825,"IDNIC-UNPATTI-AS-ID Universitas Pattimura",1
AS133826,"IDNIC-DIKTI-AS-ID Direktorat Jenderal Pendidikan Tinggi",4
AS133827,"IDNIC-UII-AS-ID UNIVERSITAS ISLAM INDONESIA",9
AS133828,"DUTAMEDIALINK-AS-ID PT Duta Medialink",0
AS133829,"DELTAULI-AS-ID PT DELTAULI TEKNIKARYA UTAMA",0
AS133830,"PIKANET-AS-ID PT Pika Media Komunika",0
AS133831,"IDNIC-IRAMAMEDIAFLASHNET-AS-ID PT Irama Media FlashNet",2
AS133832,"IDNIC-MERCUBUANAYOGYA-AS-ID Universitas Mercu Buana Yogyakarta",2
AS133833,"IDNIC-UOB-AS-ID Bank UOB Indonesia",2
AS133834,"IDNIC-ICBC-AS-ID Bank ICBC Indonesia",3
AS133835,"IDNIC-XOFAST-AS-ID CV Xtra Prosolusindo",2
AS133836,"VNTNET-AS-ID PT Jaringan VNT Indonesia",0
AS133837,"IDNIC-ID CV NEGUBAKU INDONESIA",0
AS133838,"INFOTEK-AS-ID PT Infotek Global Network",9
AS133839,"IDNIC-TNGK-AS-ID Dinas Komunikasi dan Informatika Tangerang Kota",2
AS133840,"JLMNET-AS-ID PT Jala Lintas Media",14
AS133841,"ANYWHERE",4
AS133842,"IDNIC-BNILIFE-AS-ID PT BNI Life Insurance",2
AS133843,"IDNIC-BRI-AS-ID PT Bank Rakyat Indonesia",5
AS133844,"IDNIC-UINSUSKA-AS-ID Universitas Islam Negeri Suska Riau",1
AS133845,"IDNIC-PVV-AS-ID PT PRAKARSA VISI VALUTAMA",0
AS134077,"TII-AS-AP PT Telkom Infrastruktur Indonesia",3
AS134091,"IDNIC-KEJARINAJA-AS-ID PT Jaring Infrastruktur Nasional",1
AS134127,"IDNIC-ZSN-AS-ID PT Zona Sejahtera Mandiri",3
AS134129,"IDNIC-IDNNUNET-ID PT IDN NUSANTARA NETWORK",3
AS134409,"IDNIC-BERKAHNETWORK-ID PT BERKAH NETWORK NUSANTARA",0
AS134412,"IDNIC-LAB-ID PT Lintas Ardihen Borneo",1
AS134451,"NME-INDONESIA-AS-AP NewMedia Express Pte Ltd",12
AS134462,"JOBTOMORI-AS-AP JOB TOMORI",3
AS134487,"IDNIC-LTD-ID PT Lintas Teknologi Digital",1
AS134493,"FII-AS-AP PT FWD Insurance Indonesia",1
AS134516,"BUANADOTNET-AS-AP PT BUANA DOT NET",0
AS134526,"IDNIC-ALPHAPLUS-ID PT ALPHA DATA CONNECSINDO",4
AS134612,"IDNIC-CLOUDMATIKA--AS-ID PT Atria Teknologi Indonesia",6
AS134613,"IDNIC-LDT-AS-ID PT Lapak Digital Teknologi",0
AS134614,"IDNIC-UNHAS-AS-ID Universitas Hasanuddin",3
AS134615,"IDNIC-GFN-AS-ID PT Jejaring Cepat Indonesia",0
AS134616,"ANDALASMEDIA-AS-ID PT. Andalas Media Informatika",0
AS134617,"IDNIC-ID Indonesia Network Information Center",0
AS134618,"GERBANGAKSES-ID PT Rabik Bangun Nusantara",0
AS134619,"IDNIC-QTF-AS-ID PT Quantum Tera Fiber",0
AS134620,"IDNIC-MABESTNI-AS-ID Pusinfolahta TNI",2
AS134621,"IDNIC-JAG-AS-ID PT Jurnalindo Aksara Grafika",1
AS134622,"EKADATA-AS-ID Ekadata Internet Service Provider",0
AS134623,"DNA-AS-ID PT. DIGITAL NETWORK ANTANUSA",4
AS134625,"MMS-AS-ID PT. Maxindo Mitra Solusi",0
AS134626,"IDNIC-ARISTI-AS-ID PT. Aristi Jasadata",1
AS134627,"IDNIC-UKSW-AS-ID Universitas Kristen Satya Wacana",2
AS134628,"IDNIC-BIOS-AS-ID PT Bina Informasi Optima Solusindo",0
AS134629,"IDNIC-AMSCLOUD-AS-ID PT Awan Media Semesta",0
AS134630,"PALAPANET-AS-ID PT Palapa Global Nusantara",11
AS134631,"WASANTARA-AS-ID PT Bhakti Wasantara Net",0
AS134632,"IDIC-LIPPOMALLS-ID PT Lippo Malls Indonesia",3
AS134633,"IDNIC-AHU-AS-ID Direktorat Jenderal Administrasi Hukum Umum",6
AS134634,"IDNIC-SALATIGA-AS-ID Sekretariat Daerah Kota Salatiga",2
AS134635,"IDNIC-BANYUWANGIKAB-AS-ID Dinas Komunikasi, Informatika dan Persandian Kabupaten Banyuwangi",3
AS134636,"IDNIC-DBS-AS-ID PT Bank DBS Indonesia",4
AS134637,"VELTRA-AS-ID PT.VELTRATEL",0
AS134638,"TM2-AS-ID PT.Tangara Mitrakom",0
AS134639,"IDNIC-BABELPROV-AS-ID Pemerintah Provinsi Kepulauan Bangka Belitung",3
AS134640,"IDNIC-DCI-AS-ID PT DCI Indonesia",8
AS134641,"IDNIC-MAGETANKAB-AS-ID PEMERINTAH KABUPATEN MAGETAN",1
AS134642,"IDNIC-SHINHAN-AS-ID Bank Shinhan Indonesia",2
AS134643,"JKSNET-AS-ID PT Jaya Kartha Solusindo",4
AS134644,"CAKRAWALA-AS-ID PT Cakrawala Lintas Kepri",2
AS134645,"IDNIC-VERITRANS-AS-ID PT Midtrans",0
AS134646,"IDNIC-PANORAMATOURS-AS-ID PT Panorama Tours Indonesia",0
AS134647,"IDNIC-SHINHAN-AS-ID Bank Metro Express",0
AS134648,"TIDAR-AS-ID PT Tidar Lintas Nusa",4
AS134649,"IDNIC-JD-AS-ID PT Jingdong Indonesia Pertama",0
AS134650,"IDNIC-POLIBATAM-AS-ID Politeknik Negeri Batam",2
AS134651,"YETOYA-AS-ID PT Yetoya Solusi Indonesia",19
AS134652,"IDNIC-PPM-AS-ID PPM Manajemen",1
AS134653,"IDNIC-UHAMKA-AS-ID Universitas Muhammadiyah Prof. DR. HAMKA",1
AS134654,"NAP",6
AS134655,"DUMAIMANDIRINET-AS-ID PT. DUMAI MANDIRI NET",10
AS134656,"IDNIC-CJI-AS-ID PT Cheil Jedang Indonesia",2
AS134657,"IDNIC-KARTUKU-AS-ID PT Multi Adiprakarsa Manunggal",0
AS134658,"JNETWORK-AS-ID PT JULIA MULTIMEDIA NUSANTARA",9
AS134659,"IDNIC-DISKOMINFODKI-AS-ID Diskominfo DKI Jakarta",2
AS134660,"IDNIC-PEMKOTBATU-AS-ID Badan Pengelola Keuangan dan Aset Daerah Kota Batu",1
AS134661,"IDNIC-SIF-AS-ID SHINHAN INDO FINANCE",1
AS134708,"IDNIC-BARAKKANNA-AS-ID PT Barakkana Usaha Bersama",0
AS134728,"IDNIC-SANET-ID PT SANET MEDIA TEKNOLOGI",3
AS134776,"IDNIC-MERKO-AS-ID PT Merko Network Indonesia",1
AS135062,"IDNIC-INDOTECHMITRADIGITAL-ID PT Indotech Mitra Digital",0
AS135072,"IDNIC-VIDA-AS-ID PT Indonesia Digital Identity",1
AS135167,"IDNIC-POLTEKESPADANG-AS-ID Politeknik Kesehatan Padang",1
AS135285,"IDNIC-AMT-ASIANET-ID PT Asianet Media Teknologi",0
AS135347,"PT2-AS-AP PT KAOPU CLOUD INDONESIA",0
AS135360,"ARGONDATANETWORK-AS-AP Argon Data Network",3
AS135389,"IDNIC-NCI-AS-ID CV Natakom Cloud Indo",0
AS135414,"PTII-AS-AP Telekomunikasi Indonesia International PT",0
AS135430,"IDNIC-MENET-AS-ID PT Cakrawala Metadata Network",3
AS135438,"IDNIC-GPTNETWORKS-AS-ID PT Graha Prima Telekomunikasi",3
AS135439,"ADNET-AS-ID PT ADNET MEDIA INDONESIA",2
AS135440,"IDNIC-PELINDO4-AS-ID PELABUHAN INDONESIA IV",1
AS135441,"IDNIC-FASAPAY-AS-ID PT. FASA CENTRA ARTAJAYA",3
AS135442,"IDNIC-ASDPINDONESIAFERRY-AS-ID PT. ASDP INDONESIAFERRY PERSERO",1
AS135443,"IDNIC-WONDAMAKAB-AS-ID Dinas Komunikasi, Informatika dan Persandian Kabupaten Teluk Wondama",2
AS135444,"IDNIC-IKUBARU-AS-ID PT Ikubaru Indonesia",11
AS135445,"IDNIC-AIRPAY-AS-ID PT. Airpay International Indonesia",7
AS135446,"IDNIC-SCM-AS-ID PT Sumber Cipta Multiniaga",2
AS135447,"IDNIC-BANKMEGA-AS-ID PT. Bank Mega Tbk",2
AS135448,"IDNIC-BUKALAPAK-AS-ID PT Bukalapak.com",7
AS135449,"BIPNET-AS-ID PT. Broadband Indonesia Pratama",4
AS135450,"IDNIC-BSTI-AS-ID PT Berkah Solusi Teknologi Informasi",4
AS135451,"IDNIC-MASNETWORK-AS-ID PT Media Alvina Sejati",6
AS135452,"IDNIC-INDONETMEDIA-AS-ID CV. INDONETMEDIA CORPORATION",0
AS135453,"IDNIC-KOMINFOTANGSEL-AS-ID DISKOMINFO TANGERANG SELATAN",0
AS135454,"IDNIC-AXATECH-AS-ID AXA Tech Indonesia",1
AS135455,"IDNIC-BPKPENABUR-AS-ID YAYASAN BADAN PENDIDIKAN KRISTEN PENABUR YBPK",0
AS135456,"IDNIC-KUKM-AS-ID Kementerian Koperasi dan Usaha Kecil dan Menengah RI",1
AS135457,"BSSN-AS-ID BADAN SIBER DAN SANDI NEGARA BSSN",6
AS135458,"IDNIC-KOMUNIKAJAYA-AS-ID PT Komunika Jaya Nusantara",0
AS135459,"GDSNETWORK-AS-ID PT.GLOBALRIAU DATA SOLUSI",3
AS135460,"IDNIC-HSBC-AS-ID THE HONGKONG AND SHANGHAI BANKING CORPORATION LIMITED",4
AS135461,"IDNIC-PELINDO1-AS-ID PT Pelabuhan Indonesia I Persero",1
AS135462,"IDNIC-SHOPEE-AS-ID PT Shopee International Indonesia",10
AS135463,"IDNIC-SUKOHARJOKAB-AS-ID PDE Setda Kabupaten Sukoharjo",2
AS135464,"IDNIC-WINETMEDIA-AS-ID Winet Media Persada",4
AS135465,"BITECH-AS-ID PT BINA TECHINDO SOLUTION",3
AS135466,"IDNIC-PHINISIDATA-AS-ID PT Phinisi Global Data",2
AS135467,"IDNIC-BUKOPIN-AS-ID PT. Bank Bukopin, Tbk",2
AS135468,"BNET-AS-ID BNET",5
AS135469,"IDNIC-PEMPROVGTLO-AS-ID Dinas Komunikasi, Informatika dan Statistik Provinsi Gorontalo",1
AS135470,"JNK-AS-ID PT Multi Trans Data",0
AS135471,"IDNIC-BOYOLALIKAB-AS-ID PEMERINTAH KABUPATEN BOYOLALI",2
AS135472,"IDNIC-SLEMAN-AS-ID Dinas Kominfo SLEMAN",4
AS135473,"IDNIC-BPJSKETENAGAKERJAAN-AS-ID BPJS Ketenagakerjaan",2
AS135474,"FIZNET-AS-ID PT Hafiz Jaya Infotama",6
AS135475,"IDNIC-BANYUASIN-AS-ID Pemerintah Kabupaten Banyuasin",1
AS135476,"BTPN-AS-ID PT. Bank Tabungan Pensiunan Nasional Tbk",1
AS135477,"JAVADIGITAL-AS-ID PT. Java Digital Nusantara",19
AS135478,"ASN-CBNBROADBAND PT. Cyberindo Aditama",218
AS135479,"IDNIC-XIRKA-AS-ID PT. XIRKA DAMA PERSADA",0
AS135480,"AGTI-AS-ID PT. Arjuna Global Teknologi Indonesia",8
AS135481,"IDNIC-UNM-AS-ID Universitas Negeri Makassar",2
AS135482,"IDNIC-YPUP-AS-ID Yayasan Pendidikan Universitas Presiden",1
AS135483,"IDNIC-WISESACONSULTING-AS-ID PT. WISESA CONSULTING INDONESIA",1
AS135484,"BEST-AS-ID PT. Bentang Selaras Teknologi",0
AS135485,"IDNIC-PEMKOTKEDIRI-AS-ID PEMERINTAH KOTA KEDIRI",1
AS135486,"IDNIC-ID Indonesia Network Information Center",0
AS135487,"YAYASAN TARUMANAGARA",1
AS135488,"IDNIC-OTHMARNETWORK-AS-ID PT OTHMAR MATRA MEDIA",2
AS135610,"IDNIC-BERSAMANET-ID PT. Tower BErsama",0
AS135636,"RACKH-AS-AP PT. RACKH LINTAS ASIA",31
AS135648,"EIJ-AS-AP PT. EQUINIX INDONESIA JKT",0
AS135649,"IDNIC-APCI-AS-ID PT Apci Network Solutions",2
AS135659,"IDNIC-DETNET-AS-ID PT Detroit Network Indonesia",11
AS136002,"PRTM-AS-AP PT RIVEN TEKNO MANDIRI",0
AS136017,"IDNIC-OMNIANET-ID PT OMNIA TEKNOLOGI INDONESIA",0
AS136052,"IDNIC-IDCLOUDHOST-AS-ID PT Cloud Hosting Indonesia",116
AS136053,"IDNIC-INFINETWORKS-AS-ID PT. INFINETWORKS GLOBAL",1
AS136054,"COMTELINDO-AS-ID PT.COMTELINDO",10
AS136055,"QIUNET-AS-ID PT Queen Network Nusantara",5
AS136056,"IDNIC-KALBENUTRITIONALS-AS-ID PT. Sanghiang Perkasa",1
AS136057,"IDNIC-ID Indonesia Network Information Centre",0
AS136058,"IDNIC-TRUNOJOYO-AS-ID UNIVERSITAS TRUNOJOYO MADURA",1
AS136059,"IDNIC-UNDANA-AS-ID Universitas Nusa Cendana",2
AS136060,"IDNIC-DISINFOLAHTAL-AS-ID Dinas Informasi dan Pengolahan Data TNI AL DISINFOLAHTAL",7
AS136061,"IDNIC-BPBATAM-AS-ID Badan Pengusahaan Batam",4
AS136062,"IDNIC-JUNRNAL-AS-ID PT. Jurnal Consulting Indonesia",0
AS136063,"IDNIC-PDAMSBY-AS-ID PDAM SURYA SEMBADA KOTA SURABAYA",1
AS136064,"IDNIC-WINTEL-AS-ID PT. WINUSA CIPTA TELEMATIKA",1
AS136065,"IDNIC-BEENET-AS-ID PT SOLUSI TRIMEGAH PERSADA",10
AS136066,"RADITA-ID PT Raya Digital Telematika",0
AS136067,"IDNIC-BANTUL-ID Dinas Komunikasi dan Informatika",3
AS136068,"IDNIC-SQIVA-AS-ID PT Sqiva Sistem",1
AS136069,"IDNIC-JAMUZU-AS-ID CV. Jamuzu",0
AS136070,"IDNIC-UNSRAT-AS-ID UNIVERSITAS SAM RATULANGI",2
AS136071,"IDNIC-ID Indonesia Network Information Center",0
AS136072,"IDNIC-KLIKMEDIA-AS-ID PT Klik Media Netindo",0
AS136073,"IDNIC-LKPP-AS-ID Lembaga Kebijakan Pengadaan BarangJasa Pemerintah",1
AS136074,"SARANACIPTAKOMUNIKASI-AS-ID PT. Sarana Cipta Komunikasi",2
AS136075,"CINOXMEDIANET-AS-ID PT Cinoxmedia Network Indonesia",4
AS136076,"IDNIC-HESTA-AS-ID PT Hesta Media Sinergi",3
AS136077,"IDNIC-UNSRAT-AS-ID Universitas Islam Negeri Mataram",1
AS136078,"FOXLINE-AS-ID PT. FOXLINE MEDIADATA INDONUSA",4
AS136079,"IDNIC-AMIKOM-AS-ID STMIK Amikom Yogyakarta",17
AS136080,"IDNIC-BIZNETGIO-AS-ID PT Biznet Gio Nusantara",1
AS136081,"IDNIC-KEBUMENKAB-AS-ID PEMERINTAH KABUPATEN KEBUMEN",2
AS136082,"FROZBIT-ID-AS-ID PT. Frozbit Multimedia Indonesia",0
AS136083,"IDNIC-MAGELANG-AS-ID Dinas Komunikasi, Informatika dan Statistika Kota Magelang",2
AS136084,"IDNIC-MAKMURSUPRANUSANTARA-AS-ID PT. MAKMUR SUPRA NUSANTARA",1
AS136085,"IDNIC-BOJONEGORO-AS-ID Pemerintah Kabupaten Bojonegoro",5
AS136086,"IDNIC-CLICK-AS-ID PT PRADIPA SAPTA MEDIA",0
AS136087,"IDNIC-KEMNAKER-ID Kementerian Ketenagakerjaan RI",3
AS136088,"ZITLINE-AS-ID PT. Araz Inti Line",5
AS136089,"IDNIC-MMNET-AS-ID PT Mitra Mandiri Network",3
AS136090,"IDNIC-RADENINTAN-AS-ID Universitas Islam Negeri Raden Intan Lampung",1
AS136091,"IDNIC-KOMINFOBANTEN-AS-ID Dinas Komunikasi, Informatika, Statistik dan Persandian Provinsi Banten",2
AS136092,"NUSAAKSES-AS-ID PT DAYA AKSES NUSANTARA",4
AS136093,"FAZNET-AS-ID PT Mitra Lintas Multimedia",46
AS136094,"IDNIC-MABES-AD-AS-ID Markas Besar TNI Angkatan Darat",4
AS136095,"IDNIC-TIMERINDOPI-AS-ID PT. Timerindo Perkasa International",2
AS136096,"IDNIC-TTL-AS-ID PT. Terminal Teluk Lamong",1
AS136097,"IDNIC-IDMARCO-AS-ID PT. IDMARCO PERKASA INDONESIA",0
AS136098,"IDNIC-BKN-AS-ID Badan Kepegawaian Negara",1
AS136099,"IDNIC-PJNHK-AS-ID Pusat Jantung Nasional Harapan Kita",3
AS136100,"BKVTELEMEDIA-AS-ID PT. BKVNET TELEMEDIA",5
AS136101,"IDNIC-BANDUNG-AS-ID Pemerintah Kota Bandung",4
AS136102,"IDNIC-ARUPA-AS-ID PT. Arupa Cloud Nusantara",7
AS136103,"IDNIC-USM-AS-ID Universitas Semarang",4
AS136104,"IDNIC-IAINIMAMBONJOL-AS-ID IAIN Imam Bonjol Padang",1
AS136105,"IDNIC-ANINDISAKOMPUTINDOPRATAMA-AS-ID CV. ANINDISA KOMPUTINDO PRATAMA",5
AS136106,"FIBERSTAR-AS-ID PT. Mega Akses Persada",25
AS136107,"IDNIC-7ION-AS-ID PT. Tujuh Ion Indonesia",4
AS136108,"ASN-CBN-OTT PT. Cyberindo Aditama",0
AS136109,"IDNIC-IPNETSOLUSINDO-AS-ID PT IP NETWORK SOLUSINDO",0
AS136110,"IDNIC-UNTAG-BANYUWANGI-AS-ID UNIVERSITAS 17 AGUSTUS 1945 BANYUWANGI",1
AS136111,"IDNIC-KEMSOS-AS-ID Kementerian Sosial Republik Indonesia",6
AS136112,"IDNIC-UTY-AS-ID Universitas Teknologi Yogyakarta",2
AS136113,"IDNIC-SUARADOTCOM-AS-ID PT. Arkadia Media Nusantara",0
AS136114,"IDNIC-UBER-AS-ID PT. Uber Indonesia Technology",0
AS136115,"IDNIC-STMIKINDONESIAPADANG-AS-ID STMIK Indonesia Padang",0
AS136116,"IDNIC-ATI-AS-ID PT. ALIANSI TEKNOLOGI INDONESIA",6
AS136117,"IDNIC-BJB-AS-ID PT Bank Pembangunan Daerah Jawa Barat & Banten",3
AS136118,"IDNIC-MERCU-AS-ID Universitas Mercubuana",1
AS136119,"BALIFIBERNET-AS-ID PT Bali Towerindo Sentra, Tbk",34
AS136120,"IDNIC-INTEGRAGROUP-AS-ID PT INTEGRA INDOLESTARI",1
AS136121,"DIGITNET-AS-ID PT Digital Media Telematika",8
AS136122,"UNLAM-AS-ID Universitas Lambung Mangkurat",0
AS136123,"IDNIC-PTI-AS-ID PT Telemarketing Indonesia",2
AS136124,"IDNIC-KOARMATIM-AS-ID Komando Armada Indonesia Kawasan Timur TNI Angkatan Laut",0
AS136125,"IDNIC-ASTRASEDAYAFINANCE-ID PT. ASTRA SEDAYA FINANCE",2
AS136126,"IDNIC-BLUEBIRD-AS-ID PT. BLUE BIRD Tbk",3
AS136127,"TUJUHAKSES-AS-ID PT. Tujuh Akses Mentari Prima",5
AS136128,"IDNIC-CITRAINDO-AS-ID PT CITRA AKSES INDONUSA",4
AS136129,"IDNIC-KEMARITIMAN-AS-ID Kementerian Koordinator Bidang Kemaritiman RI",1
AS136130,"IDNIC-TEGALKAB-AS-ID Pemerintah Kabupaten Tegal",2
AS136131,"TSCN-AS-ID PT Tiga Satu Cyber Network",6
AS136159,"IDNIC-TRIRAINTIUTAMA-ID PT Trira Inti Utama",1
AS136170,"EXBCOID-AS-AP PT. EXABYTES NETWORK INDONESIA",14
AS136220,"IDNIC-UNTAG-ID Universitas 17 Agustus 1945 Semarang",1
AS136221,"PTII-AS Telekomunikasi Indonesia International PT",1
AS136381,"IDNIC-MISINDO-AS-ID PT Megadata Inovasi Solusindo",0
AS136401,"KSP-AS-AP PT. Kreasi Sukses Parahyangan",0
AS136403,"IDNIC-PENOL-ID PT Persada Network Solusi",2
AS136414,"IDNIC-DATAINTERNUSANETWORK-AS-ID PT Data Internusa Network",0
AS136445,"IDNIC-CLOUDPEDIA-ID CV AGUNG CAHYADI TRIGUNA",3
AS136446,"IDNIC-WDNT-ID PT Wonomulyo Digital Network",1
AS136453,"IDNIC-KAHOT-AS-ID PT Kala Hotama Technology",2
AS136489,"IDNIC-PROBIZSYSTEM-ID PT Probiz Sistem Integra",0
AS136516,"IDNIC-POLDAJATIM-ID KEPOLISIAN DAERAH JAWA TIMUR",1
AS136544,"IDNIC-KOTAKOMPUTER-ID PT Kota Komputer Group",0
AS136564,"IDNIC-IMMANET-ID PT IMMANUEL NEXA SOLUTION",3
AS136600,"IDNIC-SMBNET-ID PT SARANAINDO MITRA BERSAMA",0
AS136754,"IDNIC-ONENET-ID PT Fokus Victori Mandiri",0
AS136783,"IDNIC-SULSELINTERNET-ID PT SULSEL LAYANAN INTERNET",1
AS136816,"IDNIC-GENZNET-AS-ID PT Genz Media Utama",1
AS136820,"TESOLCITYNET-AS-ID PT. LISAR INTERNATIONAL NETWORKING",6
AS136821,"IDNIC-3MEDIA-AS-ID PT TRIMEDIA SETIYA DATA",2
AS136822,"IDNIC-POLITANIPYK-AS-ID Politeknik Pertanian Negeri Payakumbuh",1
AS136823,"ADPNET-AS-ID PT. Arka Data Primatama",6
AS136824,"RACKH-AS-ID PT RACKH LINTAS ASIA",0
AS136825,"IDNIC-ISC-AS-ID PT Indonesia Super Corridor",0
AS136826,"IDNIC-ID Indonesia Network Information Center",5
AS136827,"IDNIC-UPGRIS-AS-ID Universitas PGRI Semarang",1
AS136828,"IDNIC-BINADARMA-AS-ID Universitas Bina Darma Palembang",1
AS136829,"IDNIC-DINKOMINFO-PKL-KOTA-AS-ID Dinas Kominfo Kota Pekalongan",1
AS136830,"IDNIC-MANULIFE-AS-ID PT ASURANSI JIWA MANULIFE INDONESIA",0
AS136831,"IDNIC-KUKAR-AS-ID DINAS KOMUNIKASI DAN INFORMATIKA KUTAI KARTANEGARA",1
AS136832,"IDNIC-DOCOTEL-AS-ID PT. Docotel Teknologi",0
AS136833,"IDNIC-UNIMUS-AS-ID UNIVERSITAS MUHAMMADIYAH SEMARANG",1
AS136834,"IDNIC-POLIPANGKEP-AS-ID POLITANI Pangkep",1
AS136835,"IDNIC-GIN-AS-ID PT. GLobal Intermedia Nusantara",4
AS136836,"IDNIC-BIOTROP-AS-ID PT Seameo Biotrop",0
AS136837,"IDNIC-UMP-AS-ID Universitas Muhammadiyah Palembang",2
AS136838,"BITEK-NAP-AS-ID PT BIT TEKNOLOGI NUSANTARA",2
AS136839,"IDNIC-STMIK-AKAKOM-AS-ID STMIK AKAKOM",2
AS136840,"GRAHA-AS-ID PT. Graha Lintas Nusantara",1
AS136841,"MTMBALI-AS-ID PT MITRA TELEMEDIA MANUNGGAL",30
AS136842,"IDNIC-PEMPROV-PAPUA-AS-ID PEMERINTAH PROVINSI PAPUA",4
AS136843,"IDNIC-DISKOMINFOSMG-AS-ID Dinas Komunikasi dan Informatika Pemerintah Kota Semarang",2
AS136844,"IDNIC-VERBIND-AS-ID PT. VERBIND INTERNET SOLUSINDO",1
AS136845,"IDNIC-PTAMI-AS-ID PT Apik Media Inovasi",0
AS136846,"IDNIC-TERRALINK-AS-ID PT Telemedia Nusantara Abadi",0
AS136847,"IDNIC-ALIFTAMA-ID PT. Alif Investama Teknologi Indonesia",3
AS136848,"IDNIC-INTERNUSA-AS-ID PT Internusa Hasta Buana",0
AS136849,"IDNIC-DISPENDABATAM-AS-ID Kantor Dispenda Kota Batam",1
AS136850,"RUMTEK-AS-ID PT. RUMAH TEKNOLOGI",0
AS136851,"IDNIC-COLO-AS-ID PT ARDETAMEDIA GLOBAL KOMPUTINDO",3
AS136852,"IDNIC-DIGINETMEDIA-AS-ID PT Diginet Media",1
AS136853,"IDNIC-UMMGL-AS-ID Universitas Muhammadiyah Magelang",3
AS136854,"PRB-AS-ID PT. PALAPA RING BARAT",4
AS136855,"IDNIC-PERKALESMAN-AS-ID PT.PERSADA KARYA LESTARI MANDIRI",0
AS136856,"IDNIC-BERSAMANET-AS-ID PT. Tower Bersama",5
AS136857,"IDNIC-INHEALTH-AS-ID PT. ASURANSI JIWA INHEALTH INDONESIA",2
AS136858,"IDNIC-ELEVENIA-AS-ID PT XL Planet",0
AS136859,"IDNIC-MAX-AS-ID PT Max Internet Indonesia",0
AS136860,"IDNIC-HERBALNUSANTARA-AS-ID PT Mega Medica Pharmaceuticals",0
AS136861,"ARTAMEDIANET-AS-ID PT. ARTAMEDIA CITRA TELEMATIKA INDONESIA",7
AS136862,"IDNIC-KOMINFO-SERANG-KOTA-AS-ID DINAS KOMUNIKASI DAN INFORMATIKA KOTA SERANG",1
AS136863,"IDNIC-ERGON-AS-ID PT Era Global Nusindo",2
AS136864,"IDNIC-KIK-AS-ID PT Kalla Inti Karsa",1
AS136865,"FISNET-AS-ID PT Foura Inti Sinergi",7
AS136866,"IDNIC-ISI-SKA-AS-ID Institut Seni Indonesia Surakarta",1
AS136867,"IDNIC-TELKOMTELSTRA-AS-ID PT. Teltranet Aplikasi Solusi Telkomtelstra",3
AS136868,"IDNIC-TERASYS-AS-ID PT. Terasys Virtual",4
AS136869,"LMB-AS-ID PT. LIMA MENARA BINTANG",6
AS136870,"IDNIC-MCOM-AS-ID PT Global Mediacom Tbk",2
AS136871,"IDNIC-ITENAS-AS-ID Institut Teknologi Nasional",1
AS136872,"IDNIC-GDN-AS-ID PT Global Digital Niaga",2
AS136873,"MEGADATA-AS-ID MEGADATA-ISP",31
AS136874,"GARUDA-AS-ID PT. Garuda Media Telematika",4
AS136875,"IDNIC-SI-PRIMA-AS-ID PT Solusi Inforindo Prima",0
AS136876,"IDNIC-PEMKAB-BANYUMAS-AS-ID PEMERINTAH KABUPATEN BANYUMAS",2
AS136877,"IDNIC-VISIONET-AS-ID PT Visionet Data Internasional",2
AS136878,"IDNIC-ISN-AS-ID PT. InfoMedia Solusi Net",0
AS136879,"JARINDO-AS-ID PT. Media Jaringan Indonesia",3
AS136880,"SMSNET-AS-ID PT. Sumatra Multimedia Solusi",5
AS136881,"IDNIC-PNM-AS-ID PT Permodalan Nasional Madani",1
AS136882,"IDNIC-DKISCRB-AS-ID Dinas Komunikasi Informatika dan Statistik Kota Cirebon",1
AS136883,"IDNIC-UNUSA-AS-ID Universitas Nahdlatul Ulama Surabaya",1
AS136884,"IDNIC-JATIM-AS-ID Dinas Komunikasi dan Informatika Provinsi jawa timur",0
AS136885,"BIMATEK-AS-ID PT BINTANG MATARAM TEKNOLOGI",4
AS136886,"IDNIC-IAIN-TULUNGAGUNG-AS-ID INSTITUT AGAMA ISLAM NEGERI TULUNGAGUNG",1
AS136887,"TELKOMSAT-AS-ID PT Telkom Satelit Indonesia",1
AS136888,"IDNIC-PETRO1-INDONESIA-AS-ID PT Petro One Indonesia",2
AS136889,"IDNIC-DIKOMINFOKABSIDOARJO-AS-ID DINAS KOMUNIKASI DAN INFORMATIKA KABUPATEN SIDOARJO",1
AS136938,"IDNIC-YOANCORP-ID PT Yoan Corp Indonesian",1
AS137002,"FWDL-ID PT. FWD Life Indonesia",1
AS137019,"IDNEU-IX Indonesia NeuCentrIX",4
AS137053,"PISU-AS-AP IMTEL SINERGI",0
AS137055,"IDNIC-BUANANET-AS-ID PT Berkah Buana Solusindo",2
AS137183,"BATIIX-AS-ID BATI-IX by PT Bina Techindo Solution",0
AS137245,"IDNIC-DISKOMINFOSIAK-ID Dinas Komunikasi dan Informasi Kabupaten Siak",1
AS137285,"IDNIC-METISKAFARMA-AS-ID PT. METISKA FARMA",0
AS137286,"IDNIC-ARUPA-AS-ID PT. Arupa Cloud Nusantara",4
AS137287,"IDNIC-PEMDAKAB-BEKASI-AS-ID DINAS KOMUNIKASI DAN INFORMATIKA KAB. BEKASI",2
AS137288,"IDNIC-USG-AS-ID PT UNGARAN SARI GARMENTS",1
AS137289,"IDNIC-SIGMA-AS-ID PT. SIGMA CIPTA CARAKA",18
AS137290,"IDNIC-ID Indonesia Network Information Center",0
AS137291,"IDNIC-TRENGGALEKKAB-ID Diskominfo Kabupaten Trenggalek",1
AS137292,"ICT-AS-ID PT. Intranusa Core Teknologi",6
AS137293,"IDNIC-KOTAMOBAGUKOTA-AS-ID Diskominfo Kotamobagukota",0
AS137294,"IDNIC-PUSHIDROSAL-AS-ID Pusat Hidrografi dan Oseanografi TNI Angkatan Laut",1
AS137295,"NTT-NET-ID-RS-AS PT. NTT Indonesia",0
AS137296,"IDNIC-XECUREIT-AS-ID PT. IMAN TEKNOLOGI INFORMASI",1
AS137297,"IDNIC-UMKT-AS-ID Universitas Muhammadiyah Kalimantan Timur",2
AS137298,"GIRADIA-AS-ID PT Pelangi Nusantara Multimedia",1
AS137299,"IDNIC-UNIMAL-AS-ID Universitas Malikussaleh",1
AS137300,"IDNIC-AR-RANIRY-AS-ID UIN AR-RANIRY",1
AS137301,"IDNIC-POLTEKKESYK-AS-ID POLTEKKES KEMENKES YOGYAKARTA",1
AS137302,"IDNIC-DISKOMINFOTIKPROVINSIRIAU-AS-ID DINAS KOMUNIKASI INFORMATIKA DAN STATISTIK PROVINSI RIAU",1
AS137303,"NAP",1
AS137304,"IDNIC-KOTAPRABUMULIH-AS-ID Dinas Komunikasi Dan Informatika Prabumulih",0
AS137305,"IDNIC-IDS-AS-ID PT. INTI DUNIA SUKSES",2
AS137306,"CONNECTIVIST-AS-ID PT Solusi Prima Connectivist",0
AS137307,"IDNIC-NAM-AS-ID PT Nielsen Audience Measurment",0
AS137308,"IDNIC-DISKOMINFOKLATEN-AS-ID DISKOMINFO KLATEN",2
AS137309,"IDNIC-ALTO-AS-ID PT ALTO Network",2
AS137310,"SHANGTEL-AS-ID PT Shangkuriang Telekomunikasi Indonesia",4
AS137311,"KINEZ-AS-ID PT. KINEZ CREATIVE SOLUTIONS",8
AS137312,"IDNIC-UNTIDAR-ID UNIVERSITAS TIDAR",1
AS137313,"IDNIC-EKON-AS-ID Kementerian Koordinator Bidang Perekonomian",1
AS137314,"IDNIC-POLIJE-AS-ID Politeknik Negeri Jember",1
AS137315,"IDNIC-POLIWANGI-AS-ID Politeknik Negeri Banyuwangi",3
AS137316,"PDU-AS-ID PT. PANCA DUTA UTAMA",21
AS137317,"IDNIC-CMEDIA-AS-ID PT.Cipta Data Media",0
AS137318,"IDNIC-KOMINFO-PATI-AS-ID DISKOMINFO KABUPATEN PATI",1
AS137319,"IDNIC-KOPERTIS10-AS-ID Koordinasi Perguruan Tinggi Swasta KOPERTIS Wilayah X",0
AS137320,"ISP-AS-ID PT. Internet Service Provider",0
AS137321,"IDNIC-NAM2-AS-ID PT THE NIELSEN COMPANY INDONESIA",0
AS137322,"GOSTNET-AS-ID PT. GLOBAL SARANA TELEMATIKA",0
AS137323,"IDNIC-PEMPROVPAPUABARAT-AS-ID DINAS KOMINFO PEMDA PAPUA BARAT",2
AS137324,"IDNIC-METROCOM-AS-ID PT Metrocom Indonesia",4
AS137325,"IDNIC-SANBE-AS-ID PT Sanbe Farma",1
AS137326,"GMNET-AS-ID PT. GRAHAMEDIA INFORMASI",0
AS137327,"IDNIC-HANGTUAH-AS-ID Universitas Hang Tuah",2
AS137328,"IDNIC-ALIF-ID CV Alif Data Communication",0
AS137329,"ALDM-ID PT. ARTHA LINTAS DATA MANDIRI",17
AS137330,"PMNET-AS-ID PT Pisangmas Rayatama Perkasa",25
AS137331,"IDNIC-CLOUDTEKNOLOGI-AS-ID PT Cloud Teknologi Nusantara",20
AS137332,"IDNIC-UNIKOMBANDUNG-AS-ID Universitas Komputer Indonesia",1
AS137333,"IDNIC-ASSA-AS-ID PT. ANUGERAH SUMBER SUKSES ABADI",0
AS137334,"IDNIC-PHINISI-MEDIA-INDONESIA-AS-ID PT Phinisi Media Indonesia",0
AS137335,"IDNIC-BANJARNEGARAKAB-AS-ID Dinas Komunikasi dan Informatika Banjarnegara",1
AS137336,"IDNIC-OVO-AS-ID PT. VISIONET INTERNASIONAL",0
AS137337,"IDNIC-VISINESIA-AS-ID PT. VISINESIA DIGITAL MEDIA",0
AS137338,"IDNIC-SENTINEL-AS-ID PT Sentinel Sinergi Sukses",2
AS137339,"IDNIC-DISKOMINFO-PINRANG-AS-ID Dinas Komunikasi dan Informatika Kabupaten Pinrang",1
AS137340,"IDNIC-PEMKOTDEPOK-AS-ID Dinas Komunikasi dan Informatika Pemerintah Kota Depok",2
AS137341,"AS-WHEEHOST-ID WHEEHOST",2
AS137342,"IDNIC-KOMINFOTANGSEL-AS-ID DISKOMINFO TANGERANG SELATAN",4
AS137343,"KHAMSANET-AS-ID PT. KHAZANAH MEDIA NETWORK NUSANTARA",5
AS137344,"IDNIC-TRANSTEKNO-AS-ID PT. TRANS NASIONAL TEKNOLOGI",4
AS137345,"IDNIC-JANI-AS-ID PT Rinjani Maxindo Internasional",0
AS137346,"CNI-AS-ID PT Cyber Network Indonesia",17
AS137347,"IDNIC-PIPSMG-AS-ID Politeknik Ilmu Pelayaran Semarang",1
AS137348,"IDNIC-TRIMASINDO-AS-ID PT. Trimasindo Data Media",0
AS137349,"IDNIC-GSMNET-AS-ID PT. GEMILANG SARANA MANDIRI",2
AS137350,"DAMASNET-AS-ID PT DUTA DAMAS KARIMUN",0
AS137351,"DJASANET-AS-ID PT. Djaya Sampoerna Net",2
AS137352,"IDNIC-CLOUDATA-AS-ID PT. Cloudata Indonesia",5
AS137353,"IDNIC-DISKOMINFOPAKPAKBHARAT-AS-ID DINAS KOMINFO KABUPATEN PAKPAK BHARAT",1
AS137354,"IDNIC-ELITERY-AS-ID PT. Data Sinergitama Jaya",2
AS137355,"IDNIC-ID Indonesia Network Information Center",0
AS137356,"IDNIC-UPY-AS-ID Universitas PGRI Yogyakarta",2
AS137357,"IDNIC-BUMA-AS-ID PT BUKIT MAKMUR MANDIRI UTAMA",2
AS137359,"SKYREACH-AS-ID PT. SKYREACH",6
AS137360,"IDNIC-UMSBY-AS-ID Universitas Muhammadiyah Surabaya",1
AS137361,"IDNIC-KOMINFOKABMGL-AS-ID DISKOMINFO Kab. Magelang",1
AS137362,"IDNIC-PEMKOTSURAKARTA-AS-ID Pemerintah Kota Surakarta",1
AS137363,"HIGEN-AS-ID PT. Quanta Tunas Abadi",16
AS137364,"IDNIC-BAPENDARIAU-AS-ID Badan Pendapatan Daerah Provinsi Riau",1
AS137365,"IDNIC-TRANS7-AS-ID PT DUTA VISUAL NUSANTARA TIVI TUJUH",1
AS137366,"IFORTE-NAP-AS-ID PT iForte Solusi Infotek",8
AS137367,"IFORTE-NAP-AS-ID PT iForte Solusi Infotek",2
AS137368,"IDNIC-PTKS-AS-ID Poltekkes Kemenkes Surakarta",2
AS137369,"IDNIC-INTEGRALDP-AS-ID PT INTEGRAL DATA PRIMA",1
AS137370,"MEDIATARA-NET-AS-ID PT. Infomedia Global Nusantara",4
AS137371,"IDNIC-MDNKOMINFO-AS-ID Dinas Komunikasi dan Informatika Kota Medan",1
AS137372,"IDNIC-ASEAN-AS-ID Association Of Southeast Asian Nation",1
AS137373,"IDNIC-SUITEN-AS-ID PT. SUITEN INOVASI SUKSES",4
AS137374,"IDNIC-PROVBALI-AS-ID Dinas Komunikasi, Informatika dan Statistik Provinsi Bali",2
AS137375,"ISP-NET-AS-ID PT Internet Solusi Prima",3
AS137376,"TELE-NET-AS-ID PT Tele Net",6
AS137377,"IDNIC-ID Indonesia Network Information Center",0
AS137378,"PTPNET-AS-ID PT. Perdana Teknologi Persada",6
AS137379,"IDNIC-DISKOMINFOBEKASIKOTA-AS-ID Diskominfo Kota Bekasi",2
AS137380,"IDNIC-MVS-AS-ID PT MITRA VISIONER SOLUSINDO",0
AS137381,"IDNIC-DISKOMINFO-KABUPATEN-GROBOGAN-AS-ID Dinas Komunikasi dan Informatika Kabupaten Grobogan",2
AS137382,"IDNIC-INDOCEMENT-AS-ID PT.Indocement Tunggal Prakarsa",0
AS137383,"IDNIC-MANDIRISEK-AS-ID PT. Mandiri Sekuritas",2
AS137384,"IDNIC-UMPURWOKERTO-AS-ID Universitas Muhammadiyah Purwokerto",1
AS137428,"IDNIC-KAMPOENGDIGITAL-AS-ID PT Carel Mitra Komunika",1
AS137496,"IDNIC-LAMBANET-AS-ID PT Lamba Alfazza Network",2
AS137518,"IDNIC-RSP-PERSAHABATAN-AS-ID Rumah Sakit Umum Persahabatan",1
AS137832,"CEMERLANG-AS-AP PT. Cemerlang Multimedia",0
AS137874,"IDNIC-PELOPORDESAINTERNET-ID PT Fajar Solutions Network",0
AS137909,"IDNIC-JDI-ID PT JALUR DATA INDONESIA",2
AS137939,"IDNIC-INETPLUS-AS-ID PT Inovasi Network Plus",2
AS137946,"IDNIC-SINERGIBTB-ID PT SINERGI BERKAH TEKNOLOGI BERSAUDARA",1
AS138000,"IDNIC-AFNET-ID PT Antar Fiber Optik",1
AS138011,"IDNIC-UTAMANET-ID PT Abid Infotama Komputindo Utama",2
AS138045,"IDNIC-CPSSOFT-AS-ID PT Cipta Piranti Sejahtera",2
AS138046,"IDNIC-STIKOMSURABAYA-AS-ID INSTITUT BISNIS DAN INFORMATIKA STIKOM SURABAYA",1
AS138047,"NEXUS-AS-ID PT. Grace Nexus Teknologi",0
AS138048,"IDNIC-ID Indonesia Network Information Center",0
AS138049,"IDNIC-TOKTOK-AS-ID PT. Global Oase Indonesia",0
AS138050,"IDNIC-DISKOMPROVJABAR-AS-ID Dinas Komunikasi Provins Jawa Barat",4
AS138051,"IDNIC-SDP-AS-ID PT Sentra Data Persada",2
AS138052,"IDNIC-CARETECH-AS-ID PT CARE TECHNOLOGIES",1
AS138053,"IDNIC-EMERIO-AS-ID PT EMERIO INDONESIA",0
AS138054,"IDNIC-PTBANKCOMMONWEALTH-AS-ID PT .Bank Common Wealth",0
AS138055,"IDNIC-BIN-AS-ID BADAN INTELIJEN NEGARA",1
AS138056,"IDNIC-JABARMAYA-AS-ID PT. JABARMAYA KRIYA SENTOSA",0
AS138057,"IDNIC-DOMPETDHUAFA-AS-ID Dompet Dhuafa Republika",1
AS138058,"IDNIC-LLDIKTI-WIL4-AS-ID Lembaga Layanan Pendidikan Tinggi Wilayah IV",1
AS138059,"IDNIC-PEMKAB-PURWOREJO-AS-ID PEMERINTAH KABUPATEN PURWOREJO",1
AS138060,"IDNIC-DATAINS-AS-ID PT Global Data Inspirasi",0
AS138061,"IDNIC-MBT-AS-ID PT MEISSA Berkah Teknologi",1
AS138062,"IDNIC-PAAS-AS-ID PT. Awan Kilat Semesta",4
AS138063,"IDNIC-PERSADA-AS-ID PT. Personel Alih Daya",0
AS138064,"JINOM-AS-ID PT. Jinom Network Indonesia",10
AS138065,"IDNIC-TVSS-AS-ID PT SMPLUS SOLUSI SEJAHTERA",4
AS138066,"IDNIC-UNIMA-AS-ID Universitas Negeri Manado",1
AS138067,"IDNIC-ZORINA-AS-ID PT. ZORINA INDO MEDIA",0
AS138068,"SUPERSISTEMULTIMA-AS-ID PT. Super Sistem Ultima",0
AS138069,"IDNIC-CITRAHOST-ID PT CITRAWEB DIGITAL MULTISOLUSI",8
AS138070,"JAMPER-AS-ID PT Jejaring Mitra Persada",6
AS138071,"IDNIC-PEMPROV-KALTENG-AS-ID PEMERINTAH PROVINSI KALIMANTAN TENGAH",2
AS138072,"SUFI-AS-ID PT Sumber Utama Fiber Indonesia",0
AS138073,"IDNIC-ELNUSA-AS-ID PT ELNUSA Tbk",1
AS138074,"WOWNET-AS-ID PT. Wowrack Cepat Teknologi Nusantara",14
AS138075,"MTMBALI-AS-ID PT MITRA TELEMEDIA MANUNGGAL",0
AS138076,"IDNIC-POS-ID PT Pos Indonesia Persero",2
AS138077,"IDNIC-ABHINAWA-AS-ID PT Abhinawa Sumberdaya Asia",74
AS138078,"IDNIC-UNSIL-AS-ID Universitas Siliwangi",1
AS138079,"FASTAMA-AS-ID PT. Fiqran Solusindo Mediatama",4
AS138080,"GMIS-AS-ID PT Global Media Inti Semesta",0
AS138081,"ISP",0
AS138082,"IDNIC-KOMINFOPAS-AS-ID DINAS KOMINFO PASURUAN",2
AS138083,"IDNIC-RANCHMARKET-AS-ID PT. Supra Boga Lestari",0
AS138084,"IDNIC-ITN-AS-ID INSTITUT TEKNOLOGI NASIONAL MALANG",1
AS138085,"IDNIC-SEPULSA-AS-ID PT Sepulsa Teknologi Indonesia",1
AS138086,"IDNIC-MAHKAMAH-KONSTITUSI-RI-AS-ID MAHKAMAH KONSTITUSI RI",3
AS138087,"JAVAMEDIA-AS-ID PT JAVA MEDIANET TEKHNOLOGI",5
AS138088,"GRATELINDO-AS-ID PT. Gratelindo Lintas Global",3
AS138089,"GMDP-AS-ID PT.Global Media Data Prima",34
AS138090,"WAVECOMINDO-AS-ID PT. Wave Communication Indonesia",3
AS138091,"IDNIC-PAJAKKU-AS-ID PT Mitra Pajakku",2
AS138092,"IDNIC-NEBULA-AS-ID PT. Nebula Surya Corpora",0
AS138093,"LINTASMAYA-AS-ID PT. LINTASMAYA MULTI MEDIA",6
AS138094,"IDNIC-VPINDO-AS-ID PT Vieda Prakarsa Indonesia",0
AS138095,"IDNIC-PEMKAB-NGAWI-ID PEMERINTAH KABUPATEN NGAWI",1
AS138096,"INTEK-AS-ID PT INFORMASI NUSANTARA TEKNOLOGI",11
AS138097,"IDNIC-DISKOMINFOKEPRI-AS-ID DINAS KOMUNIKASI DAN INFORMATIKA PROVINSI KEPULAUAN RIAU",1
AS138098,"IDNIC-NUON-AS-ID PT Nuon Digital Indonesia",2
AS138099,"SIPAJAK-AS-ID PT Hexa Sarana Intermedia",0
AS138100,"M2N-AS-ID PT. Mahameru Media Nusantara",0
AS138101,"IDNIC-NAWAKARA-AS-ID PT. Nawakara Perkasa Nusantara",1
AS138102,"IDNIC-BARAYA-AS-ID PT Baraya Telematika Nusantara",4
AS138103,"IDNIC-TOKOFAMILY-AS-ID CV. JO TECHNOLOGY",0
AS138104,"IDNIC-MTF-AS-ID PT Mandiri Tunas Finance",1
AS138105,"IDNIC-KEMENDESA-AS-ID Kementerian Desa, Pembangunan Daerah Tertinggal dan Transmigrasi",3
AS138106,"LTN-AS-ID PT Lintas Telematika Nusantara",7
AS138107,"IDNIC-VDCI-AS-ID PT Virtual Data Centra Indonesia",4
AS138108,"SAP-AS-ID PT Solusi Aksesindo Pratama",0
AS138109,"RASIBINTANG-AS-ID PT. Rasi Bintang Perkasa",7
AS138110,"IDNIC-EAGLEYE-AS-ID PT Eagleye Citra Khatulistiwa",0
AS138111,"FIBERSTARIX-AS-ID PT. Mega Akses Persada",0
AS138112,"MEGARAP-AS-ID PT. Megarap Mitra Solusi",5
AS138113,"CITINET-AS-ID PT Amron Citinet",2
AS138114,"IDNIC-DISKOMINFOPEMKABTANG-AS-ID Diskominfo Kabupaten Tangerang",3
AS138115,"IDNIC-DENEVA-AS-ID PT Deneva",30
AS138116,"EMTN-AS-ID PT. Media Tekno Nusantara",1
AS138117,"IDNIC-SOBAT-AS-ID PT. Solusindo Basis Teknologi",4
AS138118,"IDNIC-NETSENTRA-AS-ID PT Net Sentra Cyberindo",0
AS138119,"INTEGRASIA-AS-ID PT Integra Kreasitama Solusindo",5
AS138120,"IDNIC-PARNAMEGAPERSADA-AS-ID PT Parna Mega Persada",0
AS138121,"MONICA-AS-ID PT Mora Telematika Indonesia",1
AS138122,"IDNIC-IAINLANGSA-AS-ID IAIN Langsa",1
AS138123,"DEXA-AS-ID PT. ADEAKSA INDO JAYATAMA",6
AS138124,"IDNIC-UNSAM-AS-ID Universitas Samudra",1
AS138125,"IDNIC-MATRAINFOTEK-AS-ID PT Mandiri Citra Informasi Teknologi",0
AS138126,"IDNIC-NEWTON-AS-ID PT. NEWTON CIPTA INFORMATIKA",1
AS138127,"IDNIC-PEMKAB-MADIUN-AS-ID PEMERINTAH KABUPATEN MADIUN",2
AS138128,"SOLNET-ID PT Solnet Indonesia",11
AS138129,"SIAPNET-AS-ID PT Sinergi Inti Andalan Prima",5
AS138130,"PHATRIASULUNG-AS-ID PT PHATRIA INTI PERSADA",5
AS138131,"IDNIC-NATANET-AS-ID CV. NATANETWORK SOLUTION",12
AS138132,"FASTEL-NAP-AS-ID PT. FASTEL SARANA INDONESIA",0
AS138133,"IDNIC-UMI-AS-ID Universitas Muslim Indonesia",1
AS138134,"TLINK-AS-ID PT Tunas Link Indonesia",5
AS138135,"IDNIC-TANAHBUMBUKAB-AS-ID Pemerintah Kabupaten Tanah Bumbu",2
AS138136,"IDNIC-UNRAM-AS-ID Universitas Mataram",2
AS138137,"IGONET-AS-ID PT INTERCOM GOLBAL NUSANTARA",0
AS138138,"CBNNAPIX-AS-ID PT. Cyberindo Aditama",1
AS138139,"GARNET-AS-ID PT Jaringan Komunikasi Lintas Data",4
AS138140,"IDNIC-MABESTNI-AS-ID Pusinfolahta TNI",0
AS138141,"IDNIC-BROTHER-AS-ID PT. Waluya Istana Nusantara",0
AS138142,"IDNIC-IIBDJ-AS-ID Institut Informatika & Bisnis Darmajaya",1
AS138143,"GERBANGAKSES-AS-ID PT GERBANG AKSES INDONESIA",7
AS138144,"IDNIC-IAINKEDIRI-AS-ID Institut Agama Islam Negeri Kediri",1
AS138389,"IDNIC-BANOANET-ID PT Borneo Gerbang Solusindo",0
AS138428,"DCIINDONESIA-AS-AP DCI Indonesia",0
AS138497,"IDNIC-ADCON-AS-ID PT Ardyanda Digital Connect",1
AS138517,"IDNIC-SIXNET-AS-ID PT Six Nett Solusindo",4
AS138554,"IDNIC-BUANAMEDIA-ID CV BUANA TRANS MEDIA",0
AS138577,"IDNIC-SINU-AS-ID PT Sinergi Internet Nusantara",1
AS138598,"NEVIGATE-AS-AP PT Nevigate Telekomunikasi Indonesia",3
AS138802,"IDNIC-BUKALAPAK-AS-ID PT Bukalapak.com",0
AS138803,"IDNIC-SURGANYAMOTOR-AS-ID PT.Surganya Motor Indonesia",0
AS138804,"IDNIC-SPEED-AS-ID PT Speed Network Indonesia",3
AS138805,"IDNIC-KOMINFO-MALANGKOTA-AS-ID Dinas Komunikasi dan Informatika Kota Malang",2
AS138806,"IDNIC-KOMINFOKULONPROGO-AS-ID Dinas Komunikasi dan Informatika Kabupaten Kulon Progo",6
AS138807,"IDNIC-PUSKIMPU-AS-ID Pusat Litbang Perumahan dan Permukiman Badan Penelitian dan Pengembangan",1
AS138808,"INTECHMANDIRI-AS-ID PT. Intech Esa Mandiri",0
AS138809,"ARTACOM-AS-ID PT Artacomindo Jejaring Nusa",2
AS138810,"GLOSINDO-AS-ID PT Global Media Pratama Solusindo",6
AS138811,"IDNIC-SAKALAGUNA-AS-ID PT Sakalaguna Semesta",3
AS138812,"IDNIC-GKS-AS-ID PT Global Kassa Sejahtera",0
AS138813,"IDNIC-BI-AS-ID Bank Indonesia",0
AS138814,"TPN-LINK-AS-ID PT Telemedia Prima Nusantara",0
AS138815,"SUPERSISTEMULTIMA-AS-ID PT Super Sistem Ultima",0
AS138816,"IDNIC-BANJARKAB-AS-ID Pemerintah Kabupaten Banjar",3
AS138817,"IDNIC-ID Indonesia Network Information Center",0
AS138818,"IIS-AS-ID Internet Ini Saja",8
AS138819,"IDNIC-ASKARA-AS-ID PT Askara Internal",0
AS138820,"IDNIC-UNZA-AS-ID PT Unza Vitalis",0
AS138821,"GNI-AS-ID PT Global Nusantara Internet",7
AS138822,"JKOM-AS-ID PT Jaya Komunikasi Indonesia",0
AS138823,"TUSNETWORK-AS-ID PT. Trimitra Usaha Sejahtera",22
AS138824,"STARTEL-AS-ID PT. Gemilang Jaya Elektrindo",3
AS138825,"IDNIC-LPSEMKS-AS-ID LPSE Kota Makassar",1
AS138826,"Indonesia Research and Education Network",0
AS138827,"MMS-AS-ID PT Maxindo Mitra Solusi",1
AS138828,"TELIO-AS-ID PT TELIO INTI NUSA",3
AS138829,"CAPOENG-AS-ID PT Capoeng Digital Nusantara",10
AS138830,"JARATELINDO-AS-ID PT JARGARIA TELEMATIKA INDONESIA",14
AS138831,"FIBERSTARIX-AS-ID PT. Mega Akses Persada",0
AS138832,"IDNIC-DISKOMINFOKOTATEBINGTINGGI-AS-ID Dinas Komunikasi dan Informatika Kota Tebing Tinggi",2
AS138833,"IDNIC-AIG-AS-ID PT Andi Internet Globalindo",0
AS138834,"IDNIC-BUNGOMULTIMEDIA-AS-ID PT. BUNGO MULTIMEDIA",0
AS138835,"IDNIC-DISKOMINFOPACITAN-AS-ID DINAS KOMUNIKASI DAN INFORMATIKA KABUPATEN PACITAN",1
AS138836,"IDNIC-OKUKAB-AS-ID Dinas Komunikasi dan Informatisa Kabupaten OKU",1
AS138837,"TRIDATUNETWORK-AS-ID PT. TRI DATU TELEKOMUNIKASI",1
AS138838,"IDNIC-SUPERCEPAT-AS-ID PT NET Super Cepat",3
AS138839,"AIL-AS-ID PT Adidaya Infocom Lestari",8
AS138840,"NAP",5
AS138841,"GROOVY-AS-ID PT Media Andalan Nusa",0
AS138842,"INTERNETWORK-AS-ID PT Internetwork Komunikasi Indonesia",14
AS138843,"GOLDNET-AS-ID PT GLOBAL LINTAS SOLUSI",3
AS138844,"IDNIC-PERTAMEDIKA-AS-ID PT. PERTAMINA BINA MEDIKA",2
AS138845,"IDNIC-API-AS-ID PT Akses Prima Indonesia",2
AS138846,"IDNIC-JUSNET-AS-ID PT Ajusnet Lintas Global Data",0
AS138847,"ADSNET-AS-ID PT. AMBHARA DUTA SHANTI",0
AS138848,"IDNIC-FAKFAKKAB-AS-ID Pemerintah Daerah Kabupaten Fakfak",0
AS138849,"TRYME-AS-ID PT. Trimitra Media Internet",1
AS138850,"IDNIC-PALEMBANG-AS-ID Pemerintah Kota Palembang",1
AS138851,"IDNIC-KOMINFO-PYK-AS-ID Pemerintah Kota Payakumbuh",2
AS138852,"IDNIC-BADUNGKOMINFO-AS-ID Dinas Komunikasi dan Informatika Kabupaten Badung",2
AS138853,"IDNIC-LOTTE-AS-ID PT LOTTE Data Communication Indonesia",1
AS138854,"IMSNET-AS-ID PT INTER MEDIALINK SOLUSI",6
AS138855,"IFORTE-ISP-AS-ID PT iForte Solusi Infotek",12
AS138856,"IDNIC-PTBRIS-AS-ID PT BANK BRIsyariah",0
AS138857,"IDNIC-PROV-SULTENG-AS-ID PROVINSI SULAWESI TENGAH",0
AS138858,"IDNIC-PEMDAJAYAPURA-AS-ID PEMERINTAH DAERAH KABUPATEN JAYAPURA",2
AS138859,"IDNIC-KOMINFOKABSEMARANG-AS-ID Dinas Komunikasi dan Informatika Kabupaten Semarang",1
AS138860,"AYO-AS-ID PT. JAYA LINTAS INDONESIA",12
AS138861,"OJK-AS-ID Otoritas Jasa Keuangan",0
AS138862,"DNS-AS-ID PT. DIGITAL NETWORK SETIAWAN",3
AS138863,"IDNIC-BERNOFARM-AS-ID PT BERNOFARM",0
AS138864,"IDNIC-UMKUDUS-AS-ID UNIVERSITAS MUHAMMADIYAH KUDUS",3
AS138865,"IDNIC-PRIMANTARA-AS-ID PT. PRIMA NUSANTARA TELEKOMUNIKASI",0
AS138866,"MMD-AS-ID PT Mitra Media Data",4
AS138867,"IDNIC-BBN-AS-ID PT BISNIS BERBAGI NASIONAL",0
AS138868,"IDNIC-RUMAHCLOUD-AS-ID CV. RUMAH CLOUD INDONESIA",1
AS138869,"ISATNETNAP-AS-ID PT INSAN SARANA TELEMATIKA",0
AS138870,"IDNIC-PEMKABBERAU-AS-ID Pemerintah Kabupaten Berau",0
AS138871,"IDNIC-SUPERCORRIDOR-AS-ID PT. Trans Indonesia Superkoridor",13
AS138872,"IDNIC-PAKUBUWONO-AS-ID PT Simprug Mahkota Indah",0
AS138873,"IDNIC-GREENET-AS-ID PT GREEN NET INDONESIA",4
AS138874,"APINDO-AS-ID PT Anugerah Pratama Indonesia",0
AS138875,"INETINDO-AS-ID PT Inetindo Terestrial Solusi",2
AS138876,"IDNIC-SARANAINDO-AS-ID CV. Saranaindo",4
AS138877,"IDNIC-SAMUDRANETWORK-AS-ID PT. SHEN SAMUDRA INTERKONEKSI",0
AS138878,"IDNIC-UMSIDA-AS-ID Universitas Muhammadiyah Sidoarjo",1
AS138879,"IDNIC-DRAGON-AS-ID PT DRAGON CAPITAL CENTRE",0
AS138880,"IDNIC-DTA-AS-ID CV Dwi Tunggal Abadi",0
AS138881,"TRANSNET-AS-ID PT INDONESIA TRANS NETWORK",33
AS138882,"IDNIC-STPB-AS-ID Sekolah Tinggi Pariwisata Bandung",1
AS138883,"IDNIC-AJGI-AS-ID GENERALI",1
AS138884,"CENTRONETWORK-AS-ID PT Centronet Data Indonesia",7
AS138885,"CNI-AS-ID PT Cyber Network Indonesia",0
AS138886,"DBN-AS-ID PT Data Buana Nusantara",43
AS138887,"ADIZKA-AS-ID PT ADIZKA LINTAS DATA",9
AS138888,"IDNIC-FAAZ-AS-ID PT Faaz Awan Digital",1
AS138889,"BKU-AS-ID PT Bintang Komunikasi Utama",1
AS138890,"ACEHLINK-AS-ID PT Acehlink Media",6
AS138891,"PAWANFIBER-AS-ID PT. Kayong Muara Teknoindo",2
AS138892,"IDNIC-PADANGKOTA-AS-ID Pemerintah Kota Padang",3
AS138893,"IDNIC-PTPMT-AS-ID PT PRIMA MULTI TERMINAL",1
AS138894,"IDNIC-ASLIRI-AS-ID PT ASLI Rancangan Indonesia",3
AS138895,"IDNIC-GKM-AS-ID PT. Global Komunikasi Mandiri",3
AS138896,"ATAPOLONET-AS-ID PT. TIWU TELU ONLINE",0
AS138897,"IDNIC-SYEKHNURJATI-AS-ID IAIN SYEKHNURJATI",1
AS138898,"APSUPPORTS-AS-ID PT Angkasa Pura Suport",3
AS138899,"FSIX-AS-ID PT. Mega Akses Persada",1
AS138900,"IDNIC-FINTAX-AS-ID PT Fintek Integrasi Digital",0
AS138901,"IDNIC-BLITARKAB-AS-ID Dinas Komunikasi dan Informatika Kabupaten Blitar",4
AS138932,"IDNIC-HOTNET-ID PT BAGUS CITRA PERSADA UTAMA",1
AS138990,"IDNIC-MJNETWORK-AS-ID PT Mulya Jaya Network Group",0
AS139205,"IDNIC-JALABYTE-ID PT Jala Informatika Nusantara",15
AS139233,"IDNIC-RABI-ID PT REKAYASA ANAK BUMI INDONESIA",0
AS139257,"IDNIC-ADHIFANASHA-ID PT Adhifa Nasha Saqeena",1
AS139328,"IDNIC-JARTECH-AS-ID PT Jaringmas Digital Teknologi",1
AS139361,"IDNIC-CAESARAWAN-AS-ID CV Caesar Awan Multidata Jaya",0
AS139362,"TTN-AS-ID PT Tata Telemedia Nusantara",0
AS139363,"IDNIC-AIO-AS-ID PT Amerta Indah Otsuka",1
AS139364,"IDNIC-KOMINFOGUNUNGKIDUL-AS-ID Pemerintah Kabupaten Gunungkidul",3
AS139365,"LINTASJAYA-ID PT PATRIA LINTAS JAYA",4
AS139366,"IDNIC-HIGO-AS-ID PT Higo Fitur Indonesia",3
AS139367,"IDNIC-DISKOMINFO-JAMBIKOTA-AS-ID Dinas Kominfo Kota Jambi",2
AS139368,"IDNIC-DISKOMINFOKALSELPROV-AS-ID Dinas Komunikasi Dan Informatika Pemerintah Provinsi Kalimantan Selatan",3
AS139369,"UTARAMEDIANET-AS-ID PT. UTARA NUSA MEDIA",2
AS139370,"PPI-AS-ID PT. Panji Perkasa Indonesia",5
AS139371,"IDNIC-BANKAGRIS-AS-ID PT Bank Agris Tbk",3
AS139372,"IDNIC-IAINPEKALONGAN-AS-ID Institut Agama Islam Negeri Pekalongan",1
AS139373,"AKSESARMEDIA-ID PT Akses Artha Media",0
AS139374,"IDNIC-TRS-AS-ID PT TRICOM SAKTI",2
AS139375,"IDNIC-JOMBANGKAB-AS-ID Pemerintah Kabupaten Jombang",2
AS139376,"IDNIC-ARTAJASA-AS-ID PT. ARTAJASA PEMBAYARAN ELEKTRONIS",1
AS139377,"IDNIC-UNTIRTA-AS-ID Universitas Sultan Ageng Tirtayasa",2
AS139378,"IDNIC-PTNST-AS-ID PT. NEX Solusi Teknologi",4
AS139379,"THEKO-AS-ID PT Theko Digital Solusindo",2
AS139380,"IDNIC-BOMMAKSES-AS-ID PT BOMM AKSES TEKNOLOGI",2
AS139381,"IDNIC-CITRA-BERDIKARI-NUSANTARA-AS-ID PT.CITRA BERDIKARI NUSANTARA",2
AS139382,"MTT-AS-ID PT Multi Teknologi Telematika",4
AS139383,"IDNIC-INDOBSD-AS-ID PT. INDONESIA BISNIS DIGITAL",2
AS139384,"IDNIC-MOJOKERTOKOTA-AS-ID Pemerintah Kota Mojokerto",1
AS139385,"IDNIC-LANTIP-AS-ID PT. LANTIP TEKNOLOGI PRIMA",1
AS139386,"IDNIC-NSR-CINEMA21-AS-ID PT Nusantara Sejahtera Raya",2
AS139387,"IDNIC-GRESIKKAB-AS-ID Pemerintah Kabupaten Gresik",3
AS139388,"IDNIC-ABHINAWA-AS-ID PT Abhinawa Sumberdaya Asia",1
AS139389,"TRANSNETPADANG-AS-ID PT. Marawa Transmisi Media",3
AS139390,"LAMS-AS-ID PT Langit Mandiri Sukses",6
AS139391,"SEMESTATM-AS-ID PT. Semesta Teknologi Mediasi",0
AS139392,"IDNIC-AKSB-AS-ID PT APLIKA KARYA SOLUSI BISNIS",2
AS139393,"KMT-AS-ID PT KREASI MANDALA TEKNOLOGI",2
AS139394,"IDNIC-PERTAMINA-PDC-AS-ID PT Patra Drilling Contractor",3
AS139395,"IDNIC-INTIBERKAT-AS-ID CV. Inti Berkat",0
AS139396,"IDNIC-MGS-AS-ID PT. Master Global Solusi",1
AS139397,"IDNIC-MNI-AS-ID PT. Multimedia Network Indonesia",0
AS139398,"IDNIC-PIK-ID PT. Pusat Informasi Kredit",2
AS139399,"IDNIC-PNN-ID PT Palapa Network Nusantara",0
AS139400,"IDNIC-NINJA-AS-ID PT. Rak Super Ninja",4
AS139401,"IDNIC-RAJAAMPATKAB-AS-ID Dinas Komunikasi, Informatika, Persandian dan Statistik, Kabupaten Raja Ampat",1
AS139402,"IDNIC-PESISIRSELATANKAB-AS-ID Pemerintah Kabupaten Pesisir Selatan",2
AS139403,"IDNIC-PEMATANGSIANTARKOTA-AS-ID PEMERINTAH KOTA PEMATANGSIANTAR",1
AS139404,"JOS-AS-ID PT JURAGAN ONLINE SOLUSI",3
AS139405,"IDNIC-TRIPLE-AS-ID PT.MEDIA CIPTA TRIMETIKA",1
AS139406,"SOLUSI-ICT-AS-ID PT SOLUSI SURYA DESWATA",0
AS139407,"IDNIC-LAPAKDIGITAL-AS-ID PT LAPAK DIGITAL TEKNOLOGI",0
AS139408,"SANATEL-AS-ID PT Sanatel",5
AS139409,"JERNIHNETWORK-AS-ID PT JERNIH MULTI KOMUNIKASI",2
AS139410,"IDNIC-AZEC-AS-ID PT Azec Indonesia Management Services",2
AS139411,"FIBERTRUST-AS-ID PT Digital Teradata Informasi",0
AS139412,"ZEGENLARAKA-AS-ID PT Zegen Laraka Utama",2
AS139413,"IDNIC-ARYAAZAHRAARTHAMA-AS-ID PT Arya Azahra Arthama",0
AS139414,"IDNIC-KUDUSKAB-AS-ID Pemerintah Kabupaten Kudus",1
AS139415,"TRINITY-AS-ID PT Trinity Teknologi Nusantara",9
AS139416,"LIFI-AS-ID PT Langkat Investama Fideliti",0
AS139417,"IWEKA-AS-ID PT Iweka Digital Solution",5
AS139418,"GASATEKNET-AS-ID PT Gasatek Bintang Nusantara",5
AS139419,"GURITA-AS-ID PT GURITA CYBER NUSANTARA",4
AS139420,"IDNIC-ATS-AS-ID PT. Alif Teknologi Sinergi",0
AS139421,"PANDAWANET-AS-ID PT Dharma Sarana Solusindo",3
AS139422,"IDNIC-DISKOMINFO-BALIKPAPAN-ID Dinas Komunikasi dan Informatika Kota Balikpapan",1
AS139423,"IDNIC-RAJAWALI-AS-ID PT Rajawali Sinergi Group",1
AS139424,"BIG-AS-ID PT. BIG NET INDONESIA",1
AS139425,"BEAT-AS-ID PT RESTU PANCA ALAM",4
AS139426,"RINJANI-AS-ID PT Rinjani Citra Solusi",2
AS139427,"VERDNETWORK-AS-ID PT Lintas Persada Optika",7
AS139428,"IDNIC-LEXXADATA-AS-ID PT.LEXXA DATA INDONUSA",7
AS139429,"IDNIC-ARTATEL-AS-ID PT ARTATEL INDOKARYA",1
AS139430,"IDNIC-SINDO-ID PT. Media Nusantara Dinamis",2
AS139431,"IJASA-AS-ID PT. Integrasi Jasa Nusantara",2
AS139432,"IDNIC-BOGORKAB-AS-ID Diskominfo Kab. Bogor",2
AS139433,"SAKAENGSOLATA-AS-ID PT Sakaeng Solata Infrastruktur",2
AS139434,"IDNIC-RELIANCE-AS-ID PT Reliance Sekuritas Indonesia, Tbk",0
AS139435,"IDNIC-SWADAYA-AS-ID PT SWADAYA TEKNO SOLUSI",3
AS139436,"LINTASKARSA-AS-ID PT. Cakrawala Lintas Karsa",0
AS139437,"IDNIC-TARAKANITA-AS-ID Yayasan Tarakanita",0
AS139438,"PSAT-AS-ID PT Pembangunan Sarana Telematika",3
AS139439,"IDNIC-PTPPA-AS-ID PT Perusahaan Pengelola Aset",1
AS139440,"IDNIC-3PP-AS-ID PT Tiga Putra Pandawa",3
AS139441,"IDNIC-BELITUNGTIMURKAB-AS-ID Pemerintah Kabupaten Belitung Timur",1
AS139442,"IDNIC-KEMENKUMHAM-AS-ID KEMENTERIAN HUKUM DAN HAK ASASI MANUSIA",2
AS139443,"IDNIC-ITNY-AS-ID Institut Teknologi Nasional Yogyakarta",1
AS139444,"IDNIC-UNJANI-AS-ID Universitas Jenderal Achmad Yani",1
AS139445,"IDNIC-ADMF-AS-ID PT Adira Dinamika Multi Finance",2
AS139446,"GONET-AS-ID PT. Gonet Teknologi Indonesia",8
AS139447,"IDNIC-TRANSJAKARTA-ID PT Transportasi Jakarta",1
AS139448,"IDNIC-RAHARJA-AS-ID PT Raharja Sinergi Komunikasi",1
AS139449,"LINTASDATA-AS-ID PT Lintas Data Multimedia",17
AS139450,"DIDANATANECA-AS-ID PT. DIDANATANECA ANUGERAH SEJAHTERA",0
AS139451,"ALFANET-AS-ID PT SARANA INTI MAKMUR BERSAMA",3
AS139452,"MYREPUBLIC-AS-ID PT. Eka Mas Republik",0
AS139453,"IDNIC-FASTRATABUANA-ID PT FASTRATA BUANA",1
AS139454,"IDNIC-KCI-AS-ID PT. KERETA COMMUTER INDONESIA KCI",1
AS139455,"MIKROLINK-AS-ID PT Mikro Mulia Agung Sentosa",2
AS139456,"IDNIC-NSR-DEWAWEB-AS-ID PT DEWAWEB",14
AS139457,"IDNIC-ANTMEDIAHOST-AS-ID PT Semut Data Indonesia",6
AS139458,"IDNIC-HYPERMART-AS-ID PT Matahari Putra Prima",1
AS139459,"IDNIC-PROBOLINGGOKOTA-AS-ID Dinas Komunikasi dan Informatika Pemerintah Kota Probolinggo",2
AS139460,"MMS-AS-ID PT Maxindo Mitra Solusi",18
AS139640,"IDNIC-ADNNET-ID PT Amana Digital Nusantara",2
AS139653,"IDNIC-GSBNET-ID PT GUNUNG SUGIH BESAR NETWORK",1
AS139693,"IDNIC-TIMEPLUS-AS-ID PT Timeplus Network Media",2
AS139742,"IDNIC-RYNDONET-ID PT Ryndo Jaringan Nusantara",1
AS139838,"IDNIC-SABUNGAN-AS-ID PT Sabungan Marshal Tama",1
AS139932,"IDNIC-KOMINFOKRWKAB-AS-ID DINAS KOMUNIKASI DAN INFORMATIKA KABUPATEN KARAWANG",2
AS139933,"IDNIC-SEKURINDO-AS-ID PT. SIBER SEKURINDO TEKNOLOGI",0
AS139934,"IDNIC-SKYNETNETWORKBERSAMA-AS-ID PT Skynet Network Bersama",0
AS139935,"IDNIC-RSUDRSOETOMO-AS-ID RSU DR. SOETOMO",1
AS139936,"JTL",0
AS139937,"IDNIC-KAHASTAR-AS-ID PT Nararya Global Network",1
AS139938,"IDNIC-PTBGA-AS-ID PT Bintang Global Abadi",22
AS139939,"IDNIC-ISBI-AS-ID Institut Seni Budaya Indonesia Bandung",1
AS139940,"IDNIC-SAMPANGKAB-AS-ID Dinas Komunikasi dan Informatika Kabupaten Sampang",2
AS139941,"RIYADNETWORK-AS-ID RIYAD NETWORK",2
AS139942,"IDNIC-KOMINFO-BATANGKAB-AS-ID Dinas Komunikasi dan Informasi Kabupaten Batang",1
AS139943,"IDNIC-GARUTKAB-AS-ID Dinas Komunikasi dan Informatika Kabupaten Garut",1
AS139944,"IDNIC-GIMCLOUD-AS-ID PT. Global Indo Multimedia",0
AS139945,"IDNIC-PEMKAB-PURBALINGGA-AS-ID Pemerintah Kabupaten Purbalingga",2
AS139946,"NICEMEDIA-AS-ID PT. Teknologi Bumi Nusantara",4
AS139947,"STSNET-AS-ID PT Sumber Teknologi Sejahtera",0
AS139948,"IDNIC-DISKOMINFO-BANJARBARU-AS-ID Dinas Komunikasi dan Informatika Kota Banjarbaru",1
AS139949,"KEJORA-AS-ID PT. Bintang Kejora Teknologi",15
AS139950,"IDNIC-ANRI-AS-ID Arsip Nasional Republik Indonesia",1
AS139951,"ALFATINDO-AS-ID PT Alfatih Indo Teknologi",5
AS139952,"TRIDATA-AS-ID PT Trisari Data Indonusa",23
AS139953,"GNETDATA-AS-ID PT.GLOBAL INTERNET DATA",0
AS139954,"STARNET-JTL-AS-ID PT. Cemerlang Multimedia",0
AS139955,"DATAPRIME-AS-ID PT DATA PRIMA SOLUSINDO",7
AS139956,"IDNIC-NATANET-AS-ID CV. NATANETWORK SOLUTION",0
AS139957,"IDNIC-DISKOMINFOTIKPROVLAMPUNG-AS-ID Dinas Komunikasi Informatika dan Statistik Provinsi Lampung",2
AS139958,"FAKTAJI-AS-ID PT Fakta Jabbar Industri",2
AS139959,"IDNIC-UPNVJ-AS-ID Universitas Pembangunan Nasional Veteran Jakarta",1
AS139960,"IDNIC-POLNES-AS-ID Politeknik Negeri Samarinda",0
AS139961,"IDNIC-WIZZYTECH-AS-ID PT Wizzy Smart Technology",0
AS139962,"BESTCAMP-AS-ID PT.Bestcamp Prima Data",2
AS139963,"STATIONHOTSPOT-AS-ID PT.MURNI MAKMUR ABADI",5
AS139964,"CITRASANNET-AS-ID PT. Edmasan Citra Telekomindo",0
AS139965,"MJN-AS-ID PT Mitra Jaringan Nusantara",0
AS139966,"IDNIC-QAULIAMALI-AS-ID PT. QAULI AMALI INTEGRA",0
AS139967,"YAMNET-AS-ID PT. Yasmin Amanah Media",35
AS139968,"IDNIC-RISTEKBRIN-AS-ID Kementerian Riset dan Teknologi  Badan Riset dan Inovasi Nasional",0
AS139969,"JUNINDO-AS-ID PT JUNINDO",2
AS139970,"KEJORA-ID Batam Internet Exchange",2
AS139971,"MDLNET-AS-ID PT. Medialink Intercontinental",7
AS139972,"PLBNET-AS-ID PT. Putra Lebak Banten",7
AS139973,"IDNIC-MUARAENIMKAB-AS-ID Pemerintah Kabupaten Muara Enim",1
AS139974,"IDNIC-UMK-AS-ID Universitas Muria Kudus",1
AS139975,"SPICELINK-JKT-AS-ID PT Sano Komunikasi",0
AS139976,"NAP",0
AS139977,"PRISMA-AS-ID PT PRISMA MEDIA NUSANTARA",30
AS139978,"RTRWNET-AS-ID PT Jaringan Rtrwnet Nusantara",4
AS139979,"IDNIC-ENSEVAL-AS-ID PT. Enseval Putera Megatrading, Tbk",1
AS139980,"IDNIC-DISKOMINFOTASIKMALAYAKOTA-AS-ID Dinas Komunikasi Informasi Kota Tasikmalaya",2
AS139981,"MENAKSOPAL-AS-ID PT. Menaksopal Link Nusantara",10
AS139982,"BVSNET-AS-ID PT Buana Visualnet Sentra",11
AS139983,"BCMEDIA-AS-ID PT. Borneo Cakrawala Media",1
AS139984,"INMEET-AS-ID PT Indomedia Solusi net",2
AS139985,"IDNIC-DISKOMINFO-HST-AS-ID Dinas Komunikasi dan Informatika Kab. Hulu Sungai Tengah",1
AS139986,"IDNIC-HENANPUTIHRAI-AS-ID PT. HENAN PUTIHRAI SEKURITAS",3
AS139987,"IDNIC-ACP-AS-ID PT Adhikarya Cipta Persada",0
AS139988,"FLYNET-AS-ID PT. GARUDA PRIMA INTERNETINDO",4
AS139989,"IDNIC-ATHAMEDIANET-AS-ID CV Atha Media Prima",13
AS139990,"JTL",0
AS139991,"PSN-UBIQU-AS-AP PT. Pasifik Satelit Nusantara, ubiqu",0
AS139992,"IDNIC-CILACAPKAB-AS-ID Dinas Komunikasi dan Informatika Pemerintah Kabupaten Cilacap",1
AS139993,"IDNIC-SEKOLAHAN-AS-ID PT. FORIT ASTA SOLUSINDO",4
AS139994,"XLNET-FTTH-ID PT XL Axiata Tbk",57
AS139995,"IDNIC-WIDEHOSTMEDIA-AS-ID PT. Akashia Thuba Jaya",2
AS139996,"IDNIC-KOMINFO_TBN-AS-ID DINAS KOMUNIKASI DAN INFORMATIKA KABUPATEN TABANAN",1
AS139997,"WORTEL-AS-ID PT Wortel",5
AS139998,"IDNIC-UIR-AS-ID Universitas Islam Riau",2
AS139999,"PKLE-AS-ID PT. PELABUHAN KUALA LANGSA ENERGI",0
AS140000,"IDNIC-GARISWAKTU-AS-ID PT. Garis Waktu Kita",0
AS140001,"IDNIC-BALITBANKLHK-AS-ID SEKRETARIAT BADAN LITBANG DAN INOVASI KEMENTRIAN LINGKUNGAN HIDUP DAN KEHUTANAN",0
AS140002,"IDNIC-KESPELSEMARANG-AS-ID KANTOR KESEHATAN PELABUHAN KELAS II SEMARANG",1
AS140003,"IDNIC-RSHS-AS-ID Rumah Sakit Umum Pusat DR Hasan Sadikin",1
AS140004,"IDNIC-DISKOMINFOTIKKOTABLITAR-AS-ID DINAS KOMUNIKASI INFORMATIKA DAN STATISTIK KOTA BLITAR",4
AS140005,"FOXLINE-AS-ID PT. FOXLINE MEDIADATA INDONUSA",0
AS140006,"IDNIC-RSKARIADI-AS-ID RSUP DR KARIADI",1
AS140007,"IDNIC-DANKOM-AS-ID PT. DANKOM MITRA ABADI",3
AS140008,"INTEKNET-AS-ID PT Inti Media Teknologi",2
AS140009,"R1NET-AS-ID PT. Riau Satu Net",3
AS140010,"IDNIC-IAINPURWOKERTO-AS-ID INSTITUT AGAMA ISLAM NEGERI PURWOKERTO",1
AS140011,"IDNIC-KRISNAINVESTINDO-ID PT. KRISNA BERKAT INVESTINDO",0
AS140012,"DEWATA-AS-ID PT Dewata Solusi Tehnologi",5
AS140013,"IDNIC-GLOBALMEDIAVISUAL-AS-ID PT Global Media Visual",0
AS140014,"IDNIC-KEMENPAR-AS-ID KEMENTERIAN PARIWISATA DAN EKONOMI KREATIF",1
AS140015,"IDNIC-POLINDRA-AS-ID Politeknik Negeri Indramayu",2
AS140016,"IDNIC-TRIKMEDIADATA-AS-ID PT Trik Media Data",1
AS140017,"IDNIC-PT-BANTEN-AS-ID Pengadilan Tinggi Banten",0
AS140018,"CYBERTEK-AS-ID PT. CYBER TEKNOLOGI PUTRAWAN",0
AS140019,"IDNIC-UNAI-AS-ID Universitas Advent Indonesia",1
AS140020,"IDNIC-KIS-AS-ID PT. Klik Indomaret Sukses",2
AS140021,"IDNIC-BRANKAS-AS-ID PT Brankas Teknologi Indonesia",0
AS140022,"IDNIC-HSU-AS-ID Pemerintah Daerah kabupaten Hulu Sungai Utara",1
AS140023,"IDNIC-DISKOMINFOMADIUNKOTA-AS-ID Dinas Komunikasi dan Informatika Kota Madiun",3
AS140024,"IDNIC-PELINDO3-AS-ID PT Pelabuhan Indonesia III Persero",1
AS140025,"IDNIC-IAINPONOROGO-AS-ID Universitas Islam Negeri Kiai Ageng Muhammad Besari Ponorogo",2
AS140026,"TIMORNET-AS-ID PT. KUPANG INTERMEDIA",5
AS140027,"IDNIC-RSI-AS-ID PT. Ruang Siber Indonesia",0
AS140028,"BRAHMAYASA-AS-ID PT Brahmayasa Sejahtera Abadi",3
AS140029,"IDNIC-DITBINTEKSDA-AS-ID DIREKTORAT BINA TEKNIK SUMBER DAYA AIR",1
AS140030,"IDNIC-DINKOMINFOKABPEKALONGAN-AS-ID DINAS KOMUNIKASI DAN INFORMATIKA KABUPATEN PEKALONGAN",1
AS140031,"MYNUSA-ID PT Mandala Lintas Nusa",7
AS140066,"IDNIC-LINTASNETWORK-AS-ID PT Lintas Network Akses",2
AS140101,"IDNIC-SKYLINKNET-ID PT Skylink Sinaya Sejahtera",2
AS140304,"IDNIC-PRIMANETWORKS-AS-ID PT Prima Karya Pradita",1
AS140383,"IDNIC-P4TK-SENI-DAN-BUDAYA-JOGJA-ID PUSAT PENGEMBANGAN DAN PEMBERDAYAAN PENDIDIK DAN TENAGA KEPENDIDIKAN SENI DAN BUDAYA",0
AS140384,"BITNIAGA-AS-ID PT BITNIAGA CIPTA GEMILANG",4
AS140385,"INTITECH-AS-ID PT Inti Tech Indonesia",1
AS140386,"IDNIC-PPDPP-AS-ID PUSAT PENGELOLAAN DANA PEMBIAYAAN PERUMAHAN PPDPP",1
AS140387,"IDNIC-MTI-AS-ID PT. Multi Terminal Indonesia",2
AS140388,"IDNIC-GARISWAKTU-AS-ID ARKANA",2
AS140389,"IDNIC-DBIZ-AS-ID PT Dewa Bisnis Digital",22
AS140390,"BUROQNET-AS-ID PT BUROQ SARANA INFORMATIKA",3
AS140391,"IDNIC-EBDESK-AS-ID PT. Ebdesk Teknologi",0
AS140392,"JAVAUNITED-AS-ID PT Java United Services",0
AS140393,"IDNIC-MAP-AS-ID PT Mitra Adi Perkasa Tbk",0
AS140394,"IDNIC-DJKI-AS-ID DIREKTORAT JENDERAL KEKAYAAN INTELEKTUAL KEMENTERIAN HUKUM DAN HAM REPUBLIK INDONESIA",1
AS140395,"RDI-AS-ID PT RADNET DIGITAL INDONESIA",6
AS140396,"PAPATEL-AS-ID PT. PANDU PALAPA TELEMATIKA",3
AS140397,"IDNIC-STARCOMTECHNOLOGY-AS-ID PT. Starcom Technology Indonesia",0
AS140398,"IDNIC-PEMKABNATUNA-AS-ID Diskominfo Kab. Natuna",1
AS140399,"HSP-IX PT Parsaoran Global Datatrans",3
AS140400,"IDNIC-UMJ-AS-ID Universitas Muhammadiyah Jakarta",0
AS140401,"PROXINET-AS-ID PT Proxi Jaringan Nusantara",8
AS140402,"ALGA-AS-ID PT. ALGA JAYA SOLUSI",0
AS140403,"IDNIC-GFCDN-ID PT. Graha Fatta",2
AS140404,"TERABYTE-AS-ID PT TERABYTE INDONESIA",4
AS140405,"IDNIC-CYBERTECHTONIC-AS-ID PT. Cybertechtonic Pratama",2
AS140406,"IDNIC-BOLMONGKAB-AS-ID Pemerintah Kabupaten Bolaang Mongondow",0
AS140407,"KITANET-AS-ID KitaNet",15
AS140408,"IDNIC-ARJUNATV-AS-ID PT ARJUNA DEWATA TELEMEDIA",0
AS140409,"IDNIC-BSI-AS-ID PT Berlian Sistem Informasi",0
AS140410,"IDNIC-POLINELA-AS-ID Politeknik Negeri Lampung",1
AS140411,"IDNIC-PARAMADINA-AS-ID UNIVERSITAS PARAMADINA",1
AS140412,"IDNIC-MULIASMAS-AS-ID PT Muliamas International",0
AS140413,"GAYUHNET-AS-ID PT. GAYUH MEDIA INFORMATIKA",3
AS140414,"IDNIC-PTA-BANDUNG-AS-ID Pengadilan Tinggi Agama Jawa Barat",0
AS140415,"IDNIC-JMTO-AS-ID PT JASAMARGA TOLLROAD OPERATOR",2
AS140416,"IDNIC-TRANSTEL-AS-ID PT TRANS TELEKOMUNIKASI INDONESIA",2
AS140417,"IDNIC-INDOTECHNO-AS-ID PT Indotechno Digital Komputasi",3
AS140418,"IDNIC-TJPERKASA-AS-ID CV. TJAH PERKASA",0
AS140419,"IDNIC-TAKAFUL-AS-ID PT. ASURANSI TAKAFUL KELUARGA",0
AS140420,"YAYASAN PERKEMBANGAN ANAK INDONESIA",0
AS140421,"IDNIC-APLIKADATA-AS-ID PT APLIKA DATA NUSANTARA",3
AS140422,"IDNIC-SKYNETWORK-AS-ID PT. Sintesa Kreasi Yudha",0
AS140423,"CMEDIANET-AS-ID PT Chandra Media Nusantara",28
AS140424,"IDNIC-DISKOMINFOSPSULSEL-AS-ID DINAS KOMUNIKASI INFORMATIKA STATISTIK DAN PERSANDIAN PROVINSI SULAWESI SELATAN",1
AS140425,"IDNIC-DINKOMINFODEMAK-AS-ID DINAS KOMUNIKASI DAN INFORMATIKA KABUPATEN DEMAK",1
AS140426,"IDNIC-KLUNGKUNGKAB-AS-ID Pemerintah Kabupaten Klungkung",1
AS140427,"IDNIC-PTPNIV-AS-ID PT Perkebunan Nusantara IV PTPN IV",2
AS140428,"IDNIC-PANCARANGROUP-AS-ID PT Pancaran Samudera Transport",1
AS140429,"URBANACCESS-AS-ID PT. MEDIA DISTRIBUSI PRIMA",3
AS140430,"IDNIC-ZOOM-AS-ID PT Zoom Infotek Telesindo",1
AS140431,"IDNIC-WONOGIRIKAB-AS-ID Dinas Komunikasi dan Informatika Kabupaten Wonogiri",2
AS140432,"IDNIC-SOFT-NET-AS-ID CV SOFTNET PRATAMA",0
AS140433,"IDNIC-COLOCATION-INDONESIA-AS-ID PT. Colo Media Netindo",2
AS140434,"IDNIC-PGN-AS-ID PT PERUSAHAAN GAS NEGARA",0
AS140435,"IDNIC-E-SMART-B-AS-ID CV. E-Smart B",0
AS140436,"IDNIC-DISKOMINFOKOTATANJUNGBALAI-AS-ID DINAS KOMUNIKASI DAN INFORMATIKA PEMERINTAH KOTA TANJUNGBALAI",1
AS140437,"MANAKARRANET-AS-ID PT MEDIA MANAKARRA NET",2
AS140438,"IDNIC-INGLOM-AS-ID PT. Inovasi Global Mumpuni",0
AS140439,"IDNIC-BAPEDAPROVJABAR-AS-ID Badan Pendapatan Daerah Provinsi Jawa Barat",1
AS140440,"IDNIC-CENTRATM-AS-ID PT Centra Telesindo Multimedia",0
AS140441,"IDNIC-ARAYA-AS-ID CV ARAYA MEDIA",0
AS140442,"IDNIC-NUSATEKNOLOGI-AS-ID PT Nusantara Teknologi Semesta",4
AS140443,"IDNIC-HERZA-AS-ID PT Herza Digital Indonesia",55
AS140444,"IDNIC-BINAWAN-AS-ID Universitas Binawan",3
AS140445,"ONELINK-AS-ID PT Satu Nusa Bangsa",1
AS140446,"IDNIC-KINGPOLAH-AS-ID PT Kingpolah Network Solutions",3
AS140447,"IDNIC-DATANUSANTARA-AS-ID PT Data Nusantara Adhikarya",0
AS140448,"APRIN-AS-ID PT Acces Prima Nusantara",3
AS140449,"MEDIACLOUD-AS-ID PT Media Cloud Indonesia",3
AS140450,"IDNIC-ALAMJAYA-AS-ID Yayasan Alam Jaya Sakti",0
AS140451,"IDNIC-DISKOMINFOTIKKOTADENPASAR-AS-ID DINAS KOMUNIKASI INFORMATIKA DAN STATISTIK KOTA DENPASAR",0
AS140452,"IDNIC-JME-AS-ID PT Jaya Media Expres",3
AS140453,"IDNIC-CIREBONPOWER-AS-ID PT Cirebon Energi Prasarana",0
AS140454,"PNI-AS-ID PT Pop Net Indonesia",5
AS140455,"IDNIC-SAMARINDAKOTA-AS-ID Dinas Komunikasi dan Informatika Kota Samarinda",1
AS140456,"IDNIC-ERANYACLOUD-AS-ID PT Era Awan Digital",10
AS140457,"IMEDIANET-AS-ID PT Ikhlas Cipta Teknologi",17
AS140458,"IDNIC-PALANGKARAYA-AS-ID Dinas Komunikasi Informatika Statistik dan Persandian Kota Palangka Raya",1
AS140459,"STREAKY-AS-ID PT Mikrotik Indonesia Streaky",2
AS140460,"NITNET-AS-ID PT Nitnet Media Teknologi",3
AS140461,"SNS-AS-ID PT Sky Network Solution",0
AS140462,"MANDALANET-AS-ID PT Mandala Desa Warnana",0
AS140463,"IDNIC-STTKDYK-AS-ID Sekolah Tinggi Teknologi Kedirgantaraan Yogyakarta",1
AS140464,"WMINET-AS-ID PT Widara Media Informasi",3
AS140465,"IDNIC-AGN-AS-ID PT Andalas Global Network",2
AS140466,"JARINGANKU-AS-ID PT Jaringan Sarana Nusantara",0
AS140467,"KGS-AS-ID PT Kreatif Global Solusindo",3
AS140468,"IDNIC-ASIATEKRA-AS-ID PT Asia Teknologi Nusantara",0
AS140469,"WANET-AS-ID PT Wahyu Adidaya Network",8
AS140470,"ADI-AS-ID PT Andalan Dinamika Informatika",11
AS140471,"IDNIC-LMAN-AS-ID Lembaga Manajemen Aset Negara",0
AS140472,"DIKA-AS-ID PT Dinamika Karya Adicita",2
AS140473,"IDNIC-ARMICOINTIMEDIKA-AS-ID PT Armico Inti Medika",0
AS140474,"IDNIC-FREBLINK-AS-ID PT Difio Persada Sejahtera",0
AS140475,"PRIMAHOME-AS-ID PT Citra Celebas Multimedia",7
AS140476,"IDNIC-AJSOLUSINDO-AS-ID PT Ardi Jaya Solusindo",2
AS140477,"IDNIC-ZNET-AS-ID PT Zigma Teknologi Indonesia",3
AS140478,"HIJRAHNET-AS-ID PT Hijrah Muara Sintesis",3
AS140479,"WIFIKITA-AS-ID PT Inditech Global Network",4
AS140480,"IDNIC-ITK-AS-ID Institut Teknologi Kalimantan",2
AS140481,"T2NET-AS-ID PT Tonggak Teknologi Netikom",312
AS140482,"IDEANET-AS-ID IdeaNet",5
AS140500,"IDNIC-SUPERCORRIDOR-AS-ID PT. Trans Indonesia Superkoridor",0
AS140547,"IDNIC-PTBIWANETWORKINDONESIA-ID PT BIWA NETWORK INDONESIA",0
AS140913,"IDNIC-CAHAYATIMURTEKNOLOGI-ID PT CAHAYA TIMUR TEKNOLOGI",0
AS140940,"PBKE-AS-AP PT Bank Seabank Indonesia",3
AS140946,"IDNIC-LCNET-AS-ID PT Lintas Cita Nusantara",3
AS140966,"IDNIC-DISKOMINFOKABSITUBONDO-ID Dinas Komunikasi dan Informatika Kabupaten Situbondo",1
AS141048,"IDNIC-KUNINGANKAB-AS-ID Dinas Komunikasi Dan Informatika Kabupaten Kuningan",1
AS141049,"PRONETINDO-AS-ID PT Profesional Internet Indonesia",3
AS141050,"IDNIC-SINDEBUDI-AS-ID PT Sinde Budi Sentosa",1
AS141051,"IDNIC-TIKOMDIKJABAR-AS-ID Tikomdik Dinas Pendidikan Provinsi Jawa Barat",0
AS141052,"IDNIC-IAINM-AS-ID Institut Agama Islam Negeri Metro",2
AS141053,"IDNIC-WONOSOBOKAB-AS-ID Pemerintah Kabupaten Wonosobo",1
AS141054,"MISNET-AS-ID PT Marva Informatika Solusindo",3
AS141055,"PLN",2
AS141056,"IOSYS-AS-ID PT IOSYS Media Data",8
AS141057,"IDNIC-PTFIFA-AS-ID PT Fokus Inovasi Faradisa Abadi",2
AS141058,"IDNIC-SOPPENGKAB-AS-ID Pemerintah Kabupaten Soppeng",3
AS141059,"IDNIC-AKPRINDYOGYAKARTA-AS-ID Yayasan Pembina Potensi Pembangunan",1
AS141060,"IDNIC-BP2MI-AS-ID Badan Perlindungan Pekerja Migran Indonesia",0
AS141061,"IDNIC-KOMINFOLPK-AS-ID Pemerintah Kabupaten Lima Puluh Kota",1
AS141062,"MULKAN-AS-ID PT Mulkan Sarana Solusi",2
AS141063,"IDNIC-BNINET-AS-ID PT Broadband Network Indonesia",0
AS141064,"IDNIC-NETLAND-AS-ID PT Network Lintas Fiberindo",5
AS141065,"IDNIC-ABYSNET-AS-ID PT Arozak Bima Yudho Sangkara",3
AS141066,"IDNIC-KOMINFOSAMOSIR-AS-ID Pemerintah Kabupaten Samosir",1
AS141067,"TMD-AS-ID PT Trisula Media Data",9
AS141068,"IDNIC-KORLANTAS-AS-ID KORLANTAS POLRI",1
AS141069,"BAIKNET-AS-ID PT Batanghari Baik Net",2
AS141070,"IDNIC-KAKAB-AS-ID PT Komputasi Awan Karya Anak Bangsa",0
AS141071,"JEMBATANDATA-AS-ID PT Jembatan Data Pangrango",9
AS141072,"IDNIC-LJNAS-AS-ID PT Lintas Jaringan Nasional",0
AS141073,"JWI-AS-ID PT Juragan Wifi Indonesia",9
AS141074,"CORENET-AS-ID PT Signal Indo Sukses",4
AS141076,"IDNIC-ARTHAMAS-AS-ID PT. Arthamas Cipta",3
AS141077,"RSTNET-AS-ID RSTNET",6
AS141078,"AMANNA-AS-ID PT Amanna Media Link",3
AS141079,"IDNIC-LJI-AS-ID PT Lintas Jaringan Indonesia",0
AS141080,"PTINET-AS-ID PT Prima Telekom Indonesia",0
AS141081,"ONET-AS-ID PT Indo Access Semesta",3
AS141082,"IDNIC-TRIKANET-AS-ID PT Trika Global Media",7
AS141083,"IDNIC-FILLTECH-AS-ID PT Filltech Antar Nusa",5
AS141084,"CHACHANET-AS-ID PT Chacha Networking System",1
AS141085,"IDNIC-DISKOMINFOSUBANG-AS-ID Dinas Komunikasi Dan Informatika Kabupaten Subang",1
AS141086,"IDNIC-KOMNASHAM-AS-ID Komisi Nasional Hak Asasi Manusia RI",1
AS141087,"IDNIC-RAPATEL-AS-ID PT Karya Panca Telekomunikasi",3
AS141088,"IDNIC-POLTEKPELSUMBAR-AS-ID Politeknik Pelayaran Sumatera Barat",1
AS141089,"IDNIC-KALTARAPROV-AS-ID Pemerintah Provinsi Kalimantan Utara",1
AS141090,"IDNIC-MFA-AS-ID PT Mulia Frekuensi Adyatama",1
AS141091,"SKYNET-AS-ID PT Skynet Lintas Nusantara",2
AS141092,"IDNIC-TEKLINGMEDIA-AS-ID PT Tekling Media Interkoneksi",0
AS141093,"IDNIC-IMEDIADATA-AS-ID PT Media Data Lintas Nusantara Bersatu",2
AS141094,"IDNIC-MEIWA-AS-ID PT Meiwa Mold Indonesia",0
AS141095,"IDNIC-STKIPJB-AS-ID Universitas PGRI Jombang",1
AS141096,"IDNIC-STREAMFIBER-AS-ID PT Layanan Otheto Indonesia",0
AS141097,"IDNIC-LCA-AS-ID PT Lintas Citra Abadi",3
AS141098,"MULTIMEDIALINKTECH-AS-ID PT Multimedia Link Technology",2
AS141099,"IDNIC-JDM-AS-ID PT Javadwipa Duta Mandiri",0
AS141100,"IDNIC-NUSAINTEGRASI-AS-ID PT Integrasi Karya Nusa",2
AS141101,"IDNIC-MAKARAMAS-AS-ID PT Makara Mas",2
AS141102,"TMT-AS-ID PT Trans Media Telekomunikasi",0
AS141103,"SEKARSA-AS-ID PT Sekar Solusi Abadi",0
AS141104,"PRONETMEDIA-AS-ID PT Pro Net Media",0
AS141105,"DAMIAN-AS-ID PT Dapur Remaja Multi Sarana",2
AS141106,"IDNIC-RJS-AS-ID PT Rejo Mulyo Solution",0
AS141107,"IDNIC-LINKGO-AS-ID PT Linkgo Metro Teknologi",11
AS141108,"IDNIC-UINBANTEN-AS-ID Universitas Islam Negeri Sultan Maulana Hasanudin Banten",1
AS141109,"IDNIC-OMNICLOUD-AS-ID PT Omni Cloud Indonesia",17
AS141110,"IDNIC-JDINET-AS-ID PT Jumpa Daring Indonesia",2
AS141111,"IDNIC-DISKOMINFOSALATIGA-AS-ID Dinas Komunikasi dan Informatika Kota Salatiga",0
AS141112,"SAT1-AS-ID PT Akses Satu Nusantara",0
AS141113,"IDNIC-KOMISIYUDISIAL-AS-ID Komisi Yudisial RI",2
AS141114,"EASTMEDIA-AS-ID PT Super Media Indonesia",5
AS141115,"IDNIC-LINKSINDO-AS-ID PT Linksindo Makmur",0
AS141116,"IDNIC-RIYOZHA-AS-ID PT Riyozha Telekomunikasi Indonesia",1
AS141117,"IDNIC-TRIHALIM-AS-ID PT Trihalim Sembada",0
AS141118,"IDNIC-RSA-AS-ID PT Ratna Sejahtera Abadi",0
AS141119,"IDNIC-MYAIRPAY-AS-ID PT Airpay Integrasi Indonesia",0
AS141120,"IDNIC-WARNAHOST-AS-ID PT Warna Data Multimedia",14
AS141121,"IDNIC-MURNIKASIH-AS-ID PT Murni Kasih Bangsa",0
AS141122,"IDNIC-ASNNETWORK-AS-ID PT Aneka Siak Nusantara",2
AS141123,"IDNIC-PUSKOMEDIANET-AS-ID PT Puskomedia Indonesia Kreatif",4
AS141124,"IDNIC-MAKASSARKOTA-AS-ID Dinas Komunikasi dan Informatika Kota Makassar",2
AS141125,"RADMILA-AS-ID PT Radmila Pratama Multireka",2
AS141126,"IDNIC-CUBIESPOT-AS-ID PT Cubiespot Pilar Data Nusantara",11
AS141127,"IDNIC-CDNNET-AS-ID PT Anugerah Cimanuk Raya",7
AS141128,"IDNIC-SARVASOLUTION-AS-ID PT Sarva Solution Indonesia",2
AS141129,"IDNIC-LEPASNET-AS-ID PT Lintas Teknologi Tanpa Batas",1
AS141130,"IDNIC-DWG-AS-ID PT Dinar Wahana Gemilang",2
AS141131,"IDNIC-KOMATSUKUI-AS-ID PT Komatsu Undercarriage Indonesia",1
AS141132,"NETZEN-AS-ID PT Netzen Media Akses",0
AS141133,"IDNIC-UIKA-AS-ID Yayasan Pendidikan Islam Ibn Khaldun",1
AS141134,"VCDNET-AS-ID PT Vissie Cyber Data",5
AS141135,"IDNIC-IPDN-AS-ID Institut Pemerintahan Dalam Negeri",1
AS141136,"JAVADIGITAL-AS-ID PT. Java Digital Nusantara",0
AS141137,"MEDIACEPAT-AS-ID PT Media Cepat Indonesia",9
AS141138,"IDNIC-BANKSUMUT-AS-ID PT Bank Sumut",1
AS141139,"IDNIC-CHANDELA-AS-ID PT Chandela Lintas Media",2
AS141140,"IDNIC-MYRISE-AS-ID PT Jinde Grup Indonesia",4
AS141141,"IDNIC-PMSNETWORK-AS-ID PT Prima Mandiri Sentosa Gowa",0
AS141142,"PC24NET-AS-ID PT PC24 Telekomunikasi Indonesia",1
AS141143,"IDNIC-LOKALCLOUD-AS-ID PT Lokal Cloud Indonesia",0
AS141144,"IDNIC-CNET-AS-ID PT Cahaya Maparada Nusantara",2
AS141145,"GIGANET-AS-ID PT Giga Digital Nusantara",5
AS141146,"IDNIC-INDONESIANET-AS-ID PT Indonesia Telekomunikasi Teknologi",5
AS141147,"IDNIC-SKNET-AS-ID PT Arkananta Global Media",2
AS141171,"IDNIC-SLN-ID PT Sakti Lintas Nusantara",0
AS141350,"IDNIC-TRIXIA-AS-ID PT Trixia Network Indonesia",0
AS141376,"IDNIC-SHAFANZA-AS-ID PT Shafanza Cahaya Utama",2
AS141454,"IDNIC-RAMNET-ID PT Ruang Akses Media",0
AS141576,"IDNIC-OMBUDSMAN-AS-ID Ombudsman Republik Indonesia",2
AS141577,"IDNIC-MDNUSANTARA-AS-ID PT Meta Data Nusantara",0
AS141578,"IDNIC-UNIVPANCASILA-AS-ID Universitas Pancasila",1
AS141579,"IDNIC-PMBERJAYA-AS-ID PT Pundi Mas Berjaya",2
AS141580,"IDNIC-MUBANET-AS-ID PT Muba Network Connection",2
AS141581,"IDNIC-ASG-AS-ID PT Asma Mitra Global",0
AS141582,"IDNIC-SSV-AS-ID PT Sukabumi Sinar Vision",0
AS141583,"IDNIC-BLDK-AS-ID BLDK Mahkamah Agung",2
AS141584,"IDNIC-JETORBIT-AS-ID PT Jetorbit Teknologi Indonesia",1
AS141585,"IDNIC-DATADIGITALINDO-AS-ID PT Data Digital Indotama",0
AS141586,"IDNIC-PIHC-AS-ID PT Pupuk Indonesia",0
AS141587,"IDNIC-WIKIPAY-AS-ID PT Pembayaran Digital Nusantara",2
AS141588,"TAMANBUAHNET-AS-ID PT Natakarya Mediatama",0
AS141589,"IDNIC-EPENTHINK-AS-ID CV Epenthink Papua",1
AS141590,"IDNIC-7SKY-AS-ID PT Tujuh Media Angkasa",2
AS141591,"IDNIC-BANDA-AS-ID PT Banda Telekomunikasi Perkasa",0
AS141592,"INFONUSA-AS-ID PT Infonet Nusa Solusindo",3
AS141593,"IDNIC-HERZANET-AS-ID PT Herza Intermedia Nusantara",0
AS141594,"IDNIC-KARANGASEMKOMINFO-AS-ID Diskominfo Karangasem",2
AS141595,"PRIME-AS-ID PT Akbar Prima Media",2
AS141596,"WISTEL-AS-ID PT Wistel Teknologi Solusi",6
AS141597,"IDNIC-DDI-AS-ID PT Dewabisnis Digital Indonesia",0
AS141598,"IDNIC-MCTM-AS-ID PT Mitra Catv Trijaya Multimedia",0
AS141599,"IDNIC-SMU-AS-ID PT Sayap Mas Utama",0
AS141600,"IDNIC-VIRIYA-AS-ID PT Viriya Surya Abadi",3
AS141601,"IDNIC-KOPERASIMABAR-AS-ID Koperasi Maju Bareng Bersama",0
AS141602,"IDNIC-INOVASIPINTAR-AS-ID PT Inovasi Teknologi Pintar",3
AS141603,"IDNIC-PALU-AS-ID Pemerintah Kota Palu",1
AS141604,"IDNIC-NAKIBA-AS-ID PT Nakiba Data Teknologi",0
AS141605,"IDNIC-JEJAKSOLUSIINDONESIA-AS-ID PT Jejak Solusi Indonesia",0
AS141606,"IDNIC-SMN-AS-ID PT Sembilan Mediadata Nusaraya",3
AS141607,"IDNIC-GAYATRI-AS-ID PT Gayatri Lintas Nusantara",17
AS141608,"IDNIC-MSI-AS-ID PT Madina Solusi Indonesia",0
AS141609,"IDNIC-CAT-AS-ID PT Celebes Askara Telemedia",2
AS141610,"IDNIC-NDMNET-AS-ID PT Nusa Data Multimedia",4
AS141611,"IDNIC-IDKI-AS-ID PT Interkoneksi Dan Komunikasi Indonesia",0
AS141612,"IDNIC-DUAAKSES-AS-ID PT Mukti Dua Bersama",2
AS141613,"IDNIC-JIN-AS-ID PT Jaringan Internet Nusantara",4
AS141614,"IDNIC-CORPORA-AS-ID PT Manajemen Data Corpora",2
AS141615,"IDNIC-IPMAN-AS-ID PT Integrasi Perkasa Mandiri",3
AS141616,"IDNIC-ORBITE-AS-ID PT Orbit Eka Semesta",3
AS141617,"IDNIC-TPD-AS-ID PT Topindo Solusi Komunika",1
AS141618,"ACT-AS-ID PT Asia Central Telematika",2
AS141619,"IDNIC-TVRI-AS-ID Lembaga Penyiaran Publik TVRI",0
AS141620,"IDNIC-LINKMEDIA-AS-ID CV Linkmedia Nusantara",1
AS141621,"GMS-AS-ID PT Galuh Multidata Solution",4
AS141622,"IDNIC-JMG-AS-ID PT Java Media Grup",2
AS141623,"IDNIC-RNA-AS-ID PT Registrasi Neva Angkasa",2
AS141624,"SIMRANET-AS-ID PT Sinar Mas Dirgantara",0
AS141625,"IDNIC-DITJEN-PENDIS-AS-ID Direktorat Jenderal Pendidikan Islam",1
AS141626,"SANDYANET-AS-ID PT Sandya Sistem Indonesia",33
AS141627,"IDNIC-MESIN-AS-ID PT Media Solusi Network",2
AS141628,"SAPULIDI-NET-AS-ID PT Sapu Lintas Digital",5
AS141629,"IDNIC-KOMINFOPWKKAB-AS-ID Dinas Komunikasi dan Informatika Pemerintah Kabupaten Purwakarta",0
AS141630,"IDNIC-OEMJI-AS-ID PT.OMEGA MEDIA GLOBAL",1
AS141631,"IDNIC-TETRANETWORK-AS-ID PT Tetra Data Media",0
AS141632,"IDNIC-43TEK-AS-ID PT Empat Tiga Teknologi",0
AS141633,"IDNIC-UHO-AS-ID Universitas Halu Oleo",1
AS141634,"IDNIC-SINTEGRASI-AS-ID PT Satu Sistem Integrasi",2
AS141635,"IDNIC-IAINJEMBER-AS-ID Universitas Islam Negeri Kiai Haji Achmad Siddiq Jember",1
AS141636,"IDNIC-MDP-AS-ID PT Mega Data Perkasa",3
AS141637,"IDNIC-PANCABUDI-AS-ID PT Panca Budi Niaga",1
AS141638,"IDNIC-LPPI-AS-ID Yayasan Lembaga Pengembangan Perbankan Indonesia",1
AS141639,"IDNIC-L1V-AS-ID PT Lintas Satu Visi",3
AS141640,"IDNIC-LPS-AS-ID Lembaga Penjamin Simpanan",2
AS141641,"IDNIC-KOMINFOSBR-AS-ID Pemerintah Provinsi Sumatera Barat",1
AS141642,"IDNIC-RINGNET-AS-ID PT Ring Media Nusantara",11
AS141643,"IDNIC-DISKOMINFO-KENDAL-AS-ID Dinas Komunikasi dan Informatika Kabupaten Kendal",1
AS141644,"IDNIC-DISKOMINFO-BLORA-AS-ID Dinas Komunikasi dan Informatika Kabupaten Blora",1
AS141645,"IDNIC-PAGLO-AS-ID PT Pratama Asia Globalindo",2
AS141646,"IDNIC-DISKOMINFO-KARANGANYAR-AS-ID Dinas Komunikasi dan Informatika Kabupaten Karanganyar",2
AS141647,"IDNIC-CGV-AS-ID PT Graha Layar Prima",1
AS141648,"IDNIC-INDOPRIMAAKSES-AS-ID PT Indo Prima Akses",2
AS141649,"IDNIC-IAINMADURA-AS-ID Institut Agama Islam Negeri Madura",1
AS141650,"IDNIC-JASARAHARJA-AS-ID PT. JASA RAHARJA PERSERO",2
AS141651,"IDNIC-MCNIC-AS-ID PT Media Conection Network Mahato",0
AS141652,"IDNIC-NUTT-AS-ID PT Nugraha Utama Teknologi",3
AS141653,"IDNIC-KAFILAH-AS-ID PT Kafilah Intermedia Nusantara",3
AS141654,"IDNIC-OWN-AS-ID PT Optima Wiyata Nusantara",3
AS141655,"IDNIC-OGANILIR-AS-ID Pemerintah Kabupaten Ogan Ilir",1
AS141656,"IDNIC-KAROKAB-AS-ID Pemerintah Daerah Kabupaten Karo",2
AS141657,"IDNIC-DISKOMINFOTIK-KABBREBES-AS-ID Dinas Komunikasi Informatika dan Statistika Kabupaten Brebes",1
AS141658,"IDNIC-GENERASIMULTIINDONUSA-AS-ID PT Generasi Multi Indonusa",0
AS141659,"IDNIC-BNPB-AS-ID Badan Nasional Penanggulangan Bencana",2
AS141660,"AKSIRIAU-AS-ID PT Wahyu Akses Koneksi Riau",1
AS141661,"IDNIC-M2NET-AS-ID PT Madiun Multimedia",0
AS141662,"IDNIC-NFT-AS-ID PT Neo Fiber Teknologi",2
AS141663,"IDNIC-MICROCELID-AS-ID PT Microcel Pole Indonesia",3
AS141664,"IDNIC-CORE-AS-ID PT Jaringan Inti Exadata",10
AS141665,"IDNIC-CAD-AS-ID PT Cahaya Artha Daya",2
AS141666,"IDNIC-PTINKA-AS-ID PT Industri Kereta Api INKA",1
AS141667,"IDNIC-AITI-ID PT Amboro Integrasi Teknologi Inovasi",2
AS141668,"IDNIC-DISDIKKEPRI-AS-ID Dinas Pendidikan Provinsi Kepulauan Riau",0
AS141669,"IDNIC-CVRMEDIA-AS-ID PT Citra Victoria Raya",2
AS141670,"IDNIC-DBNNET-AS-ID PT Jaringan Buana Nusantara",0
AS141671,"IDNIC-ZEUSS-AS-ID PT Samudera Kilat Indonesia",11
AS141672,"IDNIC-NUANSAACEH-ID PT Nuansa Online Mitrakom",2
AS141673,"IDNIC-MAMURA-AS-ID PT Mamura Inter Media",17
AS141674,"IDNIC-DARTANET-AS-ID PT Data Arta Sedaya",9
AS141675,"IDNIC-MSI-AS-ID PT Madina Solusi Indonesia",8
AS141696,"IDNIC-ALNETWORK-ID PT Anugerah Lintas Network",1
AS141887,"IDNIC-SIPRIMA-AS-ID PT Terra Sigma Solusi",5
AS141888,"IDNIC-MAROSKAB-AS-ID Pemerintah Kabupaten Maros",0
AS141889,"IDNIC-SIMTEL-AS-ID PT Solusi Media Telekomunikasi",3
AS141890,"IDNIC-DEFAST-AS-ID PT Condifa Digitech Solusindo",6
AS141891,"IDNIC-513SOLUTIONS-AS-ID PT Lima Satu Tiga Global Tel-Access",3
AS141892,"IDNIC-SENGKED-AS-ID CV Andhika Pratama Sanggoro",13
AS141893,"IDNIC-KAWANUANET-AS-ID PT Kawanua Internet Indonesia",1
AS141894,"IDNIC-BYAKTA-AS-ID PT Byakta Digital Ekosistem",0
AS141895,"IDNIC-AMTEL-AS-ID PT Agro Metrodata Telematika",0
AS141896,"IDNIC-DSS-AS-ID PT Delta Surya Solusitama",3
AS141897,"IDNIC-EDGE-AS-ID PT Ekagrata Data Gemilang",3
AS141898,"MILENETWORK-AS-ID PT Milenial Inti Telekomunikasi",22
AS141899,"IDNIC-MALFINET-AS-ID PT Malfi Karya Berkah",2
AS141900,"IDNIC-CAHAYASOLUSINDO-AS-ID CV Cahaya Solusindo",0
AS141901,"IDNIC-SOJATEK-AS-ID PT Solusi Jasa Teknologi",2
AS141902,"PROVITEL-AS-ID PT Jawa Provider Telematika",4
AS141903,"IDNIC-HUMANET-AS-ID PT Natha Buana Indonesia",2
AS141904,"IDNIC-AZZMED-AS-ID PT Azza Media Data",0
AS141905,"IDNIC-KISI-AS-ID PT Korea Investment And Sekuritas Indonesia",1
AS141906,"IDNIC-KREDITPLUS-AS-ID PT KB Finansia Multi Finance",1
AS141907,"IDNIC-METROSOLUSINDO-AS-ID PT Metrosolusi Teknologi Indonesia",4
AS141908,"IDNIC-TRANSDATAID-AS-ID CV Trans Data Solution",0
AS141909,"IDNIC-ADITAMA-AS-ID PT Aditama Netmedia Solusindo",3
AS141910,"IDNIC-GEER-KOMUNIKASI-AS-ID PT Fivendro Mandiri Indonesia",2
AS141911,"IDNIC-DISKOMINFO-BANGKALAN-AS-ID Dinas Komunikasi dan Informatika Kabupaten Bangkalan",1
AS141912,"IDNIC-KOMINFOBWS-AS-ID Dinas Komunikasi dan Informatika Kabupaten Bondowoso",1
AS141913,"IDNIC-GMTNET-AS-ID PT Global Media Telekomunikasi Network",3
AS141914,"IDNIC-INDINET-AS-ID PT Borneo Digital Indonusa",0
AS141915,"SINERGINET-AS-ID PT Sinergi Semesta Telematika",0
AS141916,"IDNIC-BANTANI-NETWORK-AS-ID PT Bantani Media Utama",3
AS141917,"IDNIC-MDU-AS-ID PT Muria Data Utama",2
AS141918,"IDNIC-DESKTOPIP-AS-ID PT DesktopIP Teknologi Indonesia",3
AS141919,"IDNIC-PRIVYID-AS-ID PT Privy Identitas Digital",0
AS141920,"IDNIC-ABINET-AS-ID PT Andal Berjaya Infomedia",3
AS141921,"IDNIC-ISEVEN-AS-ID PT Jaringan Keluarga Bersama",3
AS141922,"IDNIC-AGNPROVIDER-ID PT Agsa Global Network",5
AS141923,"IDNIC-WILMAR-AS-ID PT Wilmar Nabati Indonesia",0
AS141924,"IDNIC-EMSNET-AS-ID PT Enggar Media Sentana",0
AS141925,"IDNIC-PIRELLI-AS-ID PT Evoluzione Tyres",0
AS141926,"IDNIC-JIIPE-AS-ID PT Berkah Kawasan Manyar Sejahtera",0
AS141927,"IDNIC-JPIPRIMENET-AS-ID PT Jaringan prima indonesia",2
AS141928,"IDNIC-BALIANNET-AS-ID PT Balian Media Online Nusantara",2
AS141929,"IDNIC-DCITY-AS-ID PT Daniswara Citra Informatika",2
AS141930,"IDNIC-GASNET-AS-ID PT Galunggung Access Solutions",1
AS141931,"IDNIC-PAMA-AS-ID PT Pamapersada Nusantara",1
AS141932,"IDNIC-SAMID-AS-ID PT Sarana Media Integrasi Data",0
AS141933,"IDNIC-SID-AS-ID PT Solusi Internet Desa",2
AS141934,"IDNIC-SBM-AS-ID PT Sanders Bersaudara Media",7
AS141935,"IDNIC-CIPTANET-AS-ID PT Cipta Data Global",3
AS141936,"IDNIC-STIEYKPN-AS-ID STIE YKPN Yogyakarta",1
AS141937,"IDNIC-AULIASMNET-AS-ID PT Aulia Sentral Multidata",3
AS141938,"IDNIC-SATRIAMATARAM-AS-ID PT Satria Wangsa Mataram",0
AS141939,"IDNIC-CHAYO-AS-ID PT Chayo Anugrah Teknologi",4
AS141940,"IDNIC-HENS-AS-ID PT Hens Global Network",1
AS141941,"IDNIC-REGYNET-AS-ID PT Regynet Data Solusindo",2
AS141942,"IDNIC-JOI-AS-ID PT Jaringan Optik Indonesia",0
AS141943,"IDNIC-BERLIANNET-AS-ID PT Berlian Media Teknologi",2
AS141944,"IDNIC-BPIP-AS-ID Badan Pembinaan Ideologi Pancasila",1
AS141945,"IDNIC-HYDRA-AS-ID PT Hydra Media Indonesia",3
AS141946,"IDNIC-KAROMAH-AS-ID CV Karomah Media Nusantara",0
AS141947,"IDNIC-LHOST-AS-ID PT Loveika Host Nusantara",4
AS141948,"IDNIC-DISKOMINFOTANAHLAUT-AS-ID Dinas Komunikasi dan Informatika Kabupaten Tanah Laut",1
AS141949,"JINIX-AS-ID JinIX ASN",0
AS141950,"IDNIC-CYBERMANTRA-AS-ID PT Cybermantra Perkasa Sumberarta",1
AS141951,"IDNIC-POLTEKTEGAL-AS-ID Politeknik Harapan Bersama Tegal",1
AS141952,"IDNIC-LINKKITA-AS-ID PT Link Kita Teknologi",2
AS141953,"IDNIC-BRIDS-AS-ID PT BRI Danareksa Sekuritas",2
AS141954,"IDNIC-GSM-AS-ID PT Gaf Solusindo Media",0
AS141955,"IDNIC-TIMORLINTAS-AS-ID PT Timor Lintas Nusantara",4
AS141956,"IDNIC-INDOTAMBANG-AS-ID PT Indo Tambangraya Megah Tbk",0
AS141957,"IDNIC-LANCARJAYANET-ID PT Lancar Jaya Network",2
AS141958,"IDNIC-KEMENPORA-AS-ID Kementerian Pemuda dan Olahraga",1
AS141959,"IDNIC-ARTAFLASH-AS-ID PT Arta Flash Sintesa Nusantara",11
AS141960,"IDNIC-PELANGICOMM-AS-ID PT Pelangi Communication Network",1
AS141961,"IDNIC-TUM-AS-ID PT Traharja Utama Mandiri",2
AS141962,"IDNIC-TELEJKT-AS-ID PT Teleanjar Indonesia",0
AS141963,"IDNIC-CLICKMEDIA-AS-ID KitaNet",0
AS141964,"IDNIC-SMMNETWORK-AS-ID PT Segara Muncar Media",0
AS141965,"IDNIC-PSNKOTA-AS-ID Diskominfo Kota Pasuruan",1
AS141966,"IDNIC-INSTANET-AS-ID PT Instanet Media Nusantara",4
AS141967,"IDNIC-IAINSALATIGA-AS-ID Institut Agama Islam Negeri Salatiga",1
AS141968,"IDNIC-IKADA-AS-ID PT Industri Kreatif Digital",47
AS141969,"IDNIC-LANGGENGNET-AS-ID PT Langgeng Jaya Nusaraya",1
AS141970,"IDNIC-JELAJAHNET-AS-ID PT Jelajah Data Semesta",1
AS141971,"IDNIC-DHARMAIS-ID Rumah Sakit Kanker Dharmais Jakarta",0
AS141972,"IDNIC-KOMINFOKOTA-PRM-AS-ID Pemerintah Kota Pariaman",1
AS141973,"IDNIC-NGMULTIMEDIA-AS-ID PT Net Grup Multimedia",2
AS141974,"IDNIC-TRM-AS-ID PT Teknologi Rubi Mandriva",1
AS141975,"IDNIC-RUBYANNETWORK-AS-ID PT Rubyan Network Solution",3
AS141976,"IDNIC-DISKOMINFO-JEPARA-AS-ID Dinas Komunikasi dan Informatika Kabupaten Jepara",1
AS141977,"IDNIC-PDAMBDM-AS-ID PT. AIR MINUM BANDARMASIH PERSERODA",1
AS141978,"IDNIC-ABS-AS-ID PT Akses Bersama Sedaya",3
AS141979,"IDNIC-AGROBOGAUTAMA-AS-ID PT Agro Boga Utama",3
AS141980,"IDNIC-MAF-AS-ID PT Mega Auto Finance",0
AS141981,"IDNIC-ITLTRISAKTI-AS-ID Institut Transportasi dan Logistik Trisakti",1
AS141982,"IDNIC-SAYAGINET-AS-ID PT Kataji Nukami Indonesia",3
AS141983,"IDNIC-RAJEGNET-AS-ID PT Rajeg Media Telekomunikasi",7
AS141984,"IDNIC-FLASHNET-AS-ID PT Fajar Lestari Anugrah Sejati",4
AS141985,"IDNIC-ARNET-ID PT Argon Internet Amariqindo",3
AS141986,"IDNIC-CSSMEDIA-AS-ID PT Cahaya Sinergi Semesta",3
AS142043,"IDNIC-MYBSSNET-ID PT BARAYA BARENG SADULUR",1
AS142145,"IDNIC-MUSUBI-AS-ID PT MUSUBI BALI INTERKONEKSI",2
AS142166,"IDNIC-HDN-ID PT Hyperscale Data Network",1
AS142167,"IDNIC-N-LINK-ID PT Nasoya Indonesia Group",1
AS142170,"IDNIC-SATUDATA-ID PT Satu Data Indonesia",2
AS142171,"IDNIC-ASSYIFA-ID Yayasan As Syifa Al Khoeriyyah",1
AS142183,"IDNIC-JURAGANMMG-ID PT Juragan Multimedia Global",3
AS142184,"IDNIC-LINTASLINK-ID PT Lintaslink Media Teknologi",1
AS142188,"IDNIC-ARYAKA-ID PT Aryaka Lintas Media",1
AS142189,"IDNIC-TBA-AS-ID PT Teja Bala Abadi",1
AS142190,"IDNIC-SLOPA-AS-ID PT Slopa Solusi Netikom",2
AS142193,"IDNIC-TURBONET-AS-ID PT Turbo Network Indonesia",1
AS142196,"IDNIC-BANUANUSANTARA-ID PT Banua Nusantara Fiber",0
AS142198,"IDNIC-GMNZ-ID PT GIRADZ MEDIA NUZANTRHA",3
AS142201,"IDNIC-AXINDO-AS-ID PT Axindo Infinitas Network",3
AS142202,"IDNIC-SJT-AS-ID PT Sinergi Jaringan Telekomunikasi",3
AS142206,"IDNIC-TDD-AS-ID PT Tera Dahsat Dampooawang",0
AS142212,"IDNIC-DISKOMINFOKOBAR-ID Dinas Komunikasi, Informatika, Statistik dan Persandian Kabupaten Kotawaringin Barat",1
AS142214,"IDNIC-FIVESTAR-AS-ID PT Fivestar Teknologi Nusantara",1
AS142215,"IDNIC-BANTERPOL-AS-ID PT Saga Infrastruktur Mediaselaras",0
AS142216,"IDNIC-TRIDATA-AS-ID PT Tridata Network Indonesia",4
AS142219,"IDNIC-NETON-AS-ID PT Media Akses Prima",2
AS142220,"IDNIC-CITALANGNET-AS-ID PT Citalang Digital Network",1
AS142221,"IDNIC-FAZZNET-AS-ID PT Fazznet Zetta Indonesia",1
AS142226,"IDNIC-DISKOMINFOKABKAIMANA-AS-ID Dinas Komunikasi, Informatika, Statistik dan Persandian Kabupaten Kaimana",1
AS142230,"IDNIC-BAHARINET-AS-ID PT Bahari Nusantara Network",3
AS142231,"IDNIC-ISTTS-AS-ID Institut Sains dan Teknologi Terpadu Surabaya",1
AS142235,"IDNIC-LAMPUNGDIESEL-AS-ID PT Andalan Mitra Tehnik",0
AS142236,"IDNIC-SKYNETWORKNUSANTARA-ID PT SKY NETWORKS NUSANTARA",2
AS142238,"IDNIC-JOSU-AS-ID PT Josu Global Teknologi",2
AS142243,"IDNIC-IFGLIFE-AS-ID PT Asuransi Jiwa IFG",1
AS142257,"IDNIC-KCN-AS-ID PT Kevin Cahaya Nusantara",1
AS142258,"IDNIC-PESONA-AS-ID PT Pesona Network Mediautama",3
AS142264,"IDNIC-SKYBASE-ID PT SKY BASE TECHNOLOGHY DIGITAL",4
AS142280,"IDNIC-QCNET-ID PT Qalby Cahaya Network",0
AS142303,"IDNIC-ID Indonesia Network Information Center",0
AS142304,"IDNIC-KSINERGI-AS-ID PT Karunia Sinergi",1
AS142305,"IDNIC-GLOBUSNET-AS-ID PT Globus Melia Indotama",2
AS142306,"IDNIC-UMINFRA-AS-ID PT Uninet Media Infrastruktur",0
AS142307,"CYB-AS-ID PT CYB Media Group",13
AS142308,"IDNIC-WHIZDIGITAL-AS-ID PT Whiz Digital Berjaya",8
AS142309,"IDNIC-99TEKNOLOGI-AS-ID PT. SEMBILAN SEMBILAN TEKNOLOGI",0
AS142310,"IDNIC-FIBERCONNECT-AS-ID PT Bina Informatika Solusindo",3
AS142311,"IDNIC-JAYANET-AS-ID PT Jayanet Technology Nusantara",3
AS142312,"IDNIC-WSPLINK-ID PT Wget Solusindo Pratama",1
AS142313,"IDNIC-BES911-ID PT Buana Eksplorasi Solusi",1
AS142314,"IDNIC-KOMINFOSANTIBLL-AS-ID Dinas Komunikasi Informatika Persandian dan Statistik Kabuapten Bueleleng",1
AS142315,"IDNIC-TORSADA-AS-ID TORSADA",1
AS142316,"IDNIC-DISKOMINFO-JEMBRANA-AS-ID Dinas Komunikasi dan Informatika Pemerintah Kabupaten Jembrana",1
AS142317,"IDNIC-COVERNET-AS-ID PT Cover Network Indonesia",3
AS142318,"IDNIC-LBB-AS-ID PT Lancar Berkah Barokah",1
AS142319,"IDNIC-VIBERLINK-AS-ID PT Telemedia Komunikasi Pratama",40
AS142320,"IDNIC-UINSU-AS-ID Universitas Islam Negeri Sumatera Utara Medan",1
AS142321,"IDNIC-LSN-AS-ID PT Lintang Samoan Network",1
AS142322,"IDNIC-KAF-AS-ID PT Kaf Media Nusantara",3
AS142323,"IDNIC-JARPATINDO-AS-ID PT Jaringan Cepat Indonesia",0
AS142324,"IDNIC-AIRANET-AS-ID PT Nervelink Utama Media",1
AS142325,"IDNIC-TERALINK-AS-ID PT. Teralink Djava Multimedia",0
AS142326,"IDNIC-FAHASA-ID-AS-ID PT Fahasa Tri Data",2
AS142327,"IDNIC-IPN-AS-ID PT Internet Prima Nusantara",6
AS142328,"IDNIC-COCONETZ-AS-ID PT Amba Teknologi Indonesia",0
AS142329,"IDNIC-UPR-AS-ID Universitas Palangkaraya",1
AS142330,"IDNIC-DISKOMINFO-LOMBOKTENGAH-AS-ID Dinas Komunikasi dan Informatika Kabupaten Lombok Tengah",1
AS142331,"IDNIC-BOOMBAS-AS-ID PT Boombas Carlo Medianet",3
AS142332,"TELNETINDONESIA-AS-ID Telnet Indonesia",7
AS142333,"IDNIC-DELIMANET-AS-ID PT Triguna Akses Teknologi",4
AS142334,"IDNIC-DISDUKCAPIL-KOTABANDUNG-AS-ID Disdukcapil Kota Bandung",1
AS142335,"IDNIC-GII-GARNET-AS-ID GARNET",4
AS142336,"IDNIC-POLTEKATI-PDG-AS-ID Politeknik ATI Padang",1
AS142337,"IDNIC-CTPLINE-AS-ID PT Pelayaran Caraka Tirta Perkasa",0
AS142338,"IDNIC-NEOSANTARA-AS-ID PT Neo Santara Solusi",2
AS142339,"IDNIC-KANGENNET-AS-ID PT Kangen Network Solusindo",7
AS142340,"IDNIC-LAMDA-AS-ID PT Lancar Artha Media Data",2
AS142341,"IDNIC-ALOI-AS-ID PT Alfa Omega Interkoneksi",2
AS142342,"IDNIC-AKSESNET-AS-ID PT Media Akses Data",3
AS142343,"IDNIC-DINKOMINFOKABREMBANG-AS-ID Dinas Kominfo Kabupaten Rembang",3
AS142344,"IDNIC-HGC-AS-ID PT HGC Global Communication Indonesia",0
AS142345,"IDNIC-DGSNET-AS-ID PT Digital Gemilang Solusi",2
AS142346,"IDNIC-BUMIMANUSIA-AS-ID PT Bumi Manusia Network",3
AS142347,"IDNIC-JAGONET-AS-ID PT Sarana Media Cemerlang",8
AS142348,"IDNIC-UNPAK-AS-ID Universitas Pakuan",2
AS142349,"IDNIC-DISKOMINFO-MOJOKERTOKAB-AS-ID Dinas Komunikasi dan Informatika Kabupaten Mojokerto",1
AS142350,"IDNIC-SKALAJARINGANID-AS-ID PT Skala Jaringan Indonesia",3
AS142351,"IDNIC-GIENET-ID PT Global Inayah Elektrindo",1
AS142352,"IDNIC-TAHTA-ID PT. PRATAMA HASTA UTAMA SOLUSINDO",4
AS142353,"IDNIC-SARANASVR-AS-ID CV Pajar Utama Sejahtera",0
AS142354,"SUPERSPACE-AS-ID PT Superspace Teknologi Indonesia",2
AS142355,"IDNIC-FASTER-AS-ID PT Falah Sistem Integrasi",3
AS142356,"IDNIC-AMANET-AS-ID PT Aderani Multi Akses",2
AS142357,"IDNIC-BURATEL-AS-ID PT Baubau Sarana Telekomunikasi",0
AS142358,"IDNIC-FIT-AS-ID PT Fiber Indonesia Transnet",0
AS142359,"IDNIC-BINA-PERTIWI-AS-ID PT Bina Pertiwi",1
AS142360,"IMUN-AS-ID PT Internet Mulia Untuk Negeri",18
AS142361,"IDNIC-RAZANET-AS-ID PT Razanet Infotama Mandiri",3
AS142362,"IDNIC-SUKMA-AS-ID PT Sukma Sejati Media",5
AS142363,"IDNIC-RSUPPROFKANDOU-AS-ID RSUP Prof Kandou",1
AS142364,"SDN-AS-ID PT Subnet Data Nusantara",4
AS142365,"IDNIC-SVISION-ID PT Rezky Sukabumi Vision",2
AS142366,"IDNIC-RELABS-AS-ID PT Relabs Net Daya Cipta",7
AS142367,"IDNIC-ITDEL-AS-ID Institut Teknologi Del",1
AS142368,"IDNIC-ARKO97-AS-ID PT Global Data Akses Persada",3
AS142369,"MADA-AS-ID PT Mega Data Akses",3
AS142370,"IDNIC-MSN-AS-ID PT Master Star Network",5
AS142371,"SACT-AS-ID PT SACT TECH INVESTMENT",0
AS142372,"IDNIC-KIRIMEMAIL-AS-ID KIRIMEMAIL Relay AS",0
AS142373,"IDNIC-MULTINET-AS-ID PT Multi Network Indonesia",14
AS142374,"IDNIC-INTRAKOM-AS-ID PT Solusi Integra Datakom",5
AS142375,"IDNIC-HTI-AS-ID PT Hayat Teknologi Informatika",7
AS142376,"IDNIC-BUKUKU-AS-ID PT Bukuku Solusi Kreatif",0
AS142377,"IDNIC-AMANDANET-AS-ID AMANDANET",0
AS142378,"AS-HIXPLUS-ID PT. Parsaoran Global Datatrans",0
AS142379,"DATA CENTER",6
AS142380,"IDNIC-MANOKWARIKAB-AS-ID Dinas Persandian Komunikasi dan Informatika Kabupaten Manokwari",1
AS142381,"IDNIC-MACTEL-AS-ID PT Media Access Telematika",5
AS142382,"IDNIC-JNHOST-AS-ID PT Klinik Digital Indonesia JNHOST",7
AS142383,"IDNIC-VTNET-AS-ID PT Vaiotech Lintas Nusantara",2
AS142384,"IDNIC-DISKOMINFOKABJEMBER-ID Dinas Komunikasi Dan Informatika Kabupaten Jember",2
AS142385,"IDNIC-BIP-AS-ID PT Berkat Internet Perkasa",1
AS142386,"AZNET-ID PT JARINGAN LINTAS ARTHA",8
AS142387,"IDNIC-IJE-AS-ID PT Integrasi Jaringan Ekosistem",6
AS142388,"IDNIC-MKE-AS-ID PT Maybank Kim Eng Sekuritas",2
AS142389,"IKI-INDONESIA-AS-ID IKI INDONESIA",3
AS142390,"ABSNET-AS-ID PT Abs Multimedia Indonesia",2
AS142391,"IDNIC-ANPAL-AS-ID PT Anugerah Panca Laksana",1
AS142392,"IDNIC-NETLINK-AS-ID PT Netlink Lintas Data",1
AS142393,"IDNIC-MEDIASOLUSISUKSES-AS-ID PT Media Solusi Sukses",12
AS142394,"CSNET-AS-ID PT Cahaya Solusindo Internusa",1
AS142395,"IDNIC-GII-GNET-AS-ID PT Global Internet Indonesia",3
AS142396,"IDNIC-PLNBATAM-AS-ID PT Pelayanan Listrik Nasional PLN Batam",2
AS142397,"IDNIC-PNB-AS-ID Politeknik Negeri Bali",1
AS142398,"IDNIC-DIGTANET-AS-ID PT Digital Akses Nusantara",4
AS142399,"IDNIC-ZKI-AS-ID PT Zona Kolektif Indonesia",2
AS142400,"IDNIC-IDT-AS-ID PT Inovasi Digital Telekomunikasi",3
AS142401,"IMNETWORKS-AS-ID PT Inter Koneksi Media",5
AS142402,"IDNIC-RSCM-AS-ID RSUP Nasional Dr. Cipto Mangunkusumo",0
AS142427,"IDNIC-INTRADATA-ID PT INTRADATA ANUGERAH BANUA",2
AS142544,"IDNIC-DNSID-ID PT Data net Support",2
AS142566,"IDNIC-LATANSA-NET-AS-ID PT Latansa Media Telekomunikasi",2
AS142639,"IDNIC-QCNET-ID PT Qalby Cahaya Network",2
AS147021,"IDNIC-MAZNET-ID PT Multi Akses Zona",0
AS147072,"IDNIC-BTPNS-AS-ID PT Bank BTPN Syariah Tbk",3
AS147073,"IDNIC-PUSLAPDIK-AS-ID Pusat Layanan Pembiayaan Pendidikan",0
AS147074,"IDNIC-BISNET-AS-ID PT Bisnet Teknologi Jaya",0
AS147075,"IDNIC-SALMANET-AS-ID PT Raihan Teknologi Pratama",0
AS147076,"IDNIC-KOTANET-AS-ID PT Ade Angelin Mulya",0
AS147077,"IDNIC-DISKOMINFO-KUBURAYA-AS-ID Pemerintah Kabupaten Kubu Raya",1
AS147078,"IDNIC-SMC-AS-ID PT Serayu Multi Connection",3
AS147079,"IDNIC-DIAZA-AS-ID PT Diaza Lintas Asia",0
AS147080,"IDNIC-PAXCYBER-AS-ID PT Paxcyber Sekuriti Indonesia",1
AS147081,"IDNIC-PUSATNET-AS-ID PT Pusat Net Media",5
AS147082,"IDNIC-NETSUNPOWER-AS-ID PT Net Sun Power",1
AS147083,"IDNIC-SKYLINK-AS-ID PT Skylink Technology Nusantara",0
AS147084,"IDNIC-ANUMNET-AS-ID PT Anum Nusantara Media",1
AS147085,"IDNIC-RESTUDIGITALMEDIATAMA-AS-ID PT Restu Digital Mediatama",0
AS147086,"IDNIC-GLOBALNET-AS-ID PT Global Teknologi Net",2
AS147087,"IDNIC-JIB-AS-ID PT Jaringan Internet Banten",7
AS147088,"IDNIC-SIM-SKYNETWORK-AS-ID PT Skynet Indonesia Madani",2
AS147089,"IDNIC-INTERGATE-AS-ID PT Intergate Cahaya Media",2
AS147090,"IDNIC-LESTARINET-AS-ID PT Lestari Exellika Barokah",1
AS147091,"IDNIC-GLOBALJETEXPRESS-AS-ID PT Global Jet Express",1
AS147092,"IDNIC-IAINKENDARI-AS-ID Institut Agama Islam Negeri Kendari IAIN KENDARI",1
AS147093,"IDNIC-WIJABACKBONE-AS-ID PT Pasifik Wija Teknologi",2
AS147094,"MVNET-NAP-AS-ID PT MITRA VISIONER PRATAMA",2
AS147095,"IDNIC-ABC-AS-ID PT Angkasa Bintan Cemerlang",2
AS147096,"IDNIC-STRONGNET-AS-ID PT Jaya Sejahtra Nugraha",3
AS147097,"IDNIC-JANGKAUNET-AS-ID PT Jangkau Lintas Nusantara",4
AS147098,"IDNIC-TSP-AS-ID CV Timsurya Perkasa",0
AS147099,"IDNIC-INTERNETRESOURCES-AS-ID PT Sumber Daya Internet",0
AS147100,"IDNIC-BUYASNET-AS-ID PT Buyas Media Teknologi Nusantara",1
AS147101,"IDNIC-LINTEKSOLUSINDO-AS-ID PT Lintas Teknologi Solusindo",3
AS147102,"IDNIC-SMARTNET-AS-ID PT Smart Tehnologi Nusantara",0
AS147103,"IDNIC-UMMETRO-ID Universitas Muhammadiyah Metro",1
AS147104,"IDNIC-ISUZU-ASTRA-MOTOR-AS-ID PT Isuzu Astra Motor Indonesia",1
AS147105,"IDNIC-PARAGON-AS-ID PT Paragon Technology and Innovation",3
AS147106,"IDNIC-GESITNET-AS-ID PT Global Erasiber Teknologi",3
AS147107,"TUNASMULTIDATA-AS-ID PT Tunas Multi Data",0
AS147108,"IDNIC-GGM-AS-ID PT GGM Media Nusantara",0
AS147109,"IDNIC-INTERNETKELUARGA-AS-ID PT Internet Keluarga Indonesia",3
AS147110,"IDNIC-SMM-AS-ID PT Star Multi Media",0
AS147111,"IDNIC-EASYNET-AS-ID PT Sinyal Bayan Hadua",0
AS147112,"IDNIC-MEETAZA-AS-ID PT Meetaza Prawira Media",0
AS147113,"IDNIC-NETEKSA-AS-ID PT Eyza Kausa Sinergi Abadi",2
AS147114,"IDNIC-GENERASIGLOBAL-AS-ID PT Media Generasi Global Grobogan",0
AS147115,"LANCARMEDIA-ID PT. LANCAR MEDIA AKSES",0
AS147116,"INDOGAME-ID PT Indogame Technology Group",0
AS147117,"IDNIC-BLACKFAOS-AS-ID PT Blackfaos Data Nusantara",2
AS147118,"IDNIC-AMEERA-AS-ID PT Ameera Mega Buana",3
AS147119,"IDNIC-POLTEKPARMKS-AS-ID Politeknik Pariwisata Makassar",1
AS147120,"MYARSYILA-AS-ID PT Myarsyila Indonesia Interkoneksi",2
AS147121,"IDNIC-MARVATEL-AS-ID PT Marva Global Telekomunikasi",5
AS147122,"IDNIC-ULIZNET-AS-ID PT Uliz Netmedia Solusindo",2
AS147123,"IDNIC-HCP-AS-ID PT Hablun Citramas Persada",0
AS147124,"IDNIC-HOSTINGAN-AS-ID PT Hostingan Awan Indonesia",2
AS147125,"IDNIC-DSSNET-AS-ID PT Aplikasi Digital Indonesia",0
AS147126,"IDNIC-PTPASTI-AS-ID PT Patra Sinar Teknologi",3
AS147127,"IDNIC-TUJUHLANGITNET-AS-ID PT Tujuhlangit Lintas Nusantara",1
AS147128,"IDNIC-PTEDM-AS-ID PT Era Digital Media",0
AS147129,"IDNIC-AIS-AS-ID Universitas Aisyiyah Surakarta",2
AS147130,"IDNIC-MINTANET-AS-ID PT Mintanet Data Nusantara",1
AS147131,"IDNIC-GFIBER-AS-ID PT Global Sarana Elektronika",7
AS147132,"IDNIC-MAFIANET-AS-ID PT Mafianet Akses Media",2
AS147133,"IDNIC-JMS-AS-ID PT Jafati Mitra Solusindo",3
AS147134,"IDNIC-IWK-AS-ID PT IndoWebhost Kreasi",2
AS147135,"IDNIC-SLM-AS-ID PT Swajasa Lintas Media",1
AS147136,"IDNIC-DISKOMINFO-KAB-SRAGEN-ID Dinas Komunikasi dan Informasi Kabupaten Sragen",1
AS147137,"HELIUM-AS-ID PT Helium Sinergi Telekomunikasi",1
AS147138,"IDNIC-APSDIGITAL-AS-ID PT Angkasa Pura Sarana Digital",2
AS147139,"IDNIC-DIVE-AS-ID PT Diva Telekomunikasi Indonesia",2
AS147140,"IDNIC-HIMNET-AS-ID PT Hijrah Mandiri Network",3
AS147141,"IDNIC-MITRAINET-AS-ID PT Mitra Internet Indonesia",2
AS147142,"IDNIC-TELENUSA-AS-ID PT Sarana Telemedia Nusantara",2
AS147143,"IDNIC-PASUNDAN-AS-ID PT Palu Pasundan Media Net",2
AS147144,"IDNIC-AUSYI-AS-ID RS Aura Syifa Kediri",0
AS147145,"IDNIC-JSA-AS-ID PT Jalur Satu Aman",2
AS147146,"IDNIC-TEBACA-AS-ID PT Teknologi Bangsa Cerdas",0
AS147147,"IDNIC-CPRI-AS-ID PT Catur Prima Intidaya",0
AS147148,"IDNIC-NAGAUTARA-AS-ID PT Putra Naga Utara",0
AS147149,"IDNIC-KIRANA-AS-ID PT Kirana Perdana Data",0
AS147150,"IDNIC-ASTRAKOM-AS-ID PT Hasya Mitra Komunika",4
AS147151,"IDNIC-STINET-AS-ID PT Berkah Bhumi Lestari",0
AS147152,"IDNIC-ISOAE-AS-ID PT Asli Isoae Solusine",4
AS147153,"IDNIC-TRANSMARCO-AS-ID PT Transmarco",0
AS147154,"PASSNET-AS-ID PT Pass Internet Indonesia",3
AS147155,"IDNIC-GATEWAYNET-AS-ID PT Gateway Internet Indonesia",1
AS147156,"IDNIC-SINNETINDO-AS-ID PT Sin Inti Indonesia",0
AS147157,"IDNIC-UNMER-AS-ID Universitas Merdeka Malang",2
AS147158,"IDNIC-CLOUD4C-AS-ID PT Cloud Four Cee Services",0
AS147159,"IDNIC-BEIBI-AS-ID PT Beibi Cemerlang Indonesia",4
AS147160,"IDNIC-BPKH-AS-ID Badan Pengelola Keuangan Haji",1
AS147161,"IDNIC-UMG-AS-ID Universitas Muhammadiyah Gresik",1
AS147162,"IDNIC-MYPH-AS-ID PT Mayatama Production House",0
AS147163,"IDNIC-OPTINET-AS-ID PT Sunvone Solusindo",2
AS147164,"IDNIC-NGM-AS-ID PT Nalendra Gigantara Media",2
AS147165,"IDNIC-AMERTA-AS-ID PT Amerta Asa Media",4
AS147166,"IDNIC-INTIKOMNUSA-AS-ID PT Inti Komunikasi Nusantara",0
AS147167,"IDNIC-MPULSA-AS-ID PT Modern Pulsa Investama",0
AS147168,"NTTINDONESIA-AS-ID PT NTT Indonesia",3
AS147169,"IDNIC-TOPUPGROUP-AS-ID CV Top Up Group",0
AS147170,"IDNIC-DISKOMINFOTIK-BANJARMASIN-AS-ID Dinas Komunikasi Informatika dan Statistik Kota Banjarmasin",2
AS147171,"IDNIC-BRIN-AS-ID Badan Riset dan Inovasi Nasional",5
AS147173,"IDNIC-DIPADATATELEKOMUNIKASI-AS-ID PT Dipa Data Telekomunikasi",3
AS149176,"ITB-BANDUNG-ASN Institute of Technology Bandung",0
AS149314,"WIFIAN-AS-ID WIFIAN",0
AS149315,"SOLNET-ID PT Solnet Indonesia",8
AS149316,"IDNIC-JARINGDESA-AS-ID PT Jaring Solusi Persada",2
AS149317,"IDNIC-SMARTTEKNOLOGIUTAMA-AS-ID PT Smart Teknologi Utama Indonesia",0
AS149318,"IDNIC-RACENET-AS-ID PT Rezeki ASA Cemerlang",3
AS149319,"IDNIC-TRIDATARAYA-AS-ID PT Trisna Mega Abadi",4
AS149320,"IDNIC-MAKAYASA-AS-ID PT Adhi Pradana Makayasa",3
AS149321,"IDNIC-CAKRAWALAMEDIA-AS-ID PT Cakrawala Media Data",2
AS149322,"IDNIC-ROYALASSETINDO-AS-ID PT Royal Assetindo",2
AS149323,"IDNIC-HBN-AS-ID PT Hobin Nauli Multimedia",0
AS149324,"IDNIC-PROSPERITA-AS-ID PT Prosperita Mitra Indonesia",2
AS149325,"IDNIC-UNIVERSITAS-WAHID-HASYIM-AS-ID Universitas Wahid Hasyim",2
AS149326,"IDNIC-POLTERA-AS-ID Politeknik Negeri Madura",1
AS149327,"IDNIC-CORBEC-COMMUNICATION-AS-ID PT Corbec Communication",1
AS149328,"IDNIC-HTNC-AS-ID PT Hypermedia Teknologi Nusantara Centralindo",0
AS149329,"IDNIC-UIII-AS-ID Universitas Islam Internasional Indonesia",2
AS149330,"IDNIC-INMALL-AS-ID PT Inmall Jaringan Indonesia",0
AS149331,"IDNIC-BTELINDO-AS-ID PT Bangun Telematika Indonesia",0
AS149332,"IDNIC-OTP-AS-ID PT Optimus Teknologi Pro",1
AS149333,"IDNIC-PRIMADONA-AS-ID PT Primadona Media Digitalindo",3
AS149334,"IDNIC-ONENUSA-AS-ID PT Mitra Andalan Nusa",4
AS149335,"IDNIC-GOGIGA-AS-ID PT Gogiga Media Teknologi",4
AS149336,"IDNIC-YAFIRA-AS-ID PT Yafira Digital Technology",0
AS149337,"IDNIC-CARINET-AS-ID PT Belopa Kreatif Indonesia",2
AS149338,"IDNIC-JENDELATI-AS-ID CV Jendela Teknologi Indonesia",0
AS149339,"IDNIC-SRIBOGA-AS-ID PT Sriboga Flour Mill",1
AS149340,"IDNIC-DHINET-AS-ID PT Digital Hasanah Indonesia",2
AS149341,"IDNIC-PNC-AS-ID Politeknik Negeri Cilacap",1
AS149342,"IDNIC-PEMDAKABTASIK-AS-ID Pemerintah Daerah Kabupaten Tasikmalaya",1
AS149343,"IDNIC-SINARKENCANA-AS-ID CV Sinar Kencana",0
AS149344,"DHOHOISP-AS-ID Dhoho ISP",3
AS149345,"IDNIC-HAJINET-AS-ID PT Karya Aneka Persada",2
AS149346,"IDNIC-DISKOMINFOPKP-AS-ID Dinas Komunikasi dan Informatika Kota Pangkalpinang",1
AS149347,"IDNIC-WIMATE-AS-ID CV Wistel IT Solution",0
AS149348,"IDNIC-DISKOMINFOKOTAMETRO-AS-ID Dinas Komunikasi dan Informatika Kota Metro",0
AS149349,"IDNIC-JELAJAHINFO-AS-ID PT Jelajah Informasi Indonesia",0
AS149350,"IDNIC-KUMARAHOTSPOT-AS-ID PT Pusaka Kreasi Mandiri",3
AS149351,"IDNIC-KAN-AS-ID PT Koneksi Antar Nusa",0
AS149352,"IDNIC-OCBCNISP-AS-ID PT Bank OCBC NISP",0
AS149353,"IDNIC-STAR-AS-ID PT Selaras Citra Artmedia",5
AS149354,"IDNIC-SASA-AS-ID PT Sasa Inti",2
AS149355,"IDNIC-3INTI-AS-ID PT Tiga Inti Cemerlang",0
AS149356,"IDNIC-SIJAYA-AS-ID PT Solusi Jaya Nusantara",0
AS149357,"IDNIC-UMT-AS-ID PT Ultra Mandiri Telekomunikasi",3
AS149358,"IDNIC-UIN-ANTASARI-AS-ID Universitas Islam Negeri Antasari Banjarmasin",1
AS149359,"IDNIC-PDM-AS-ID PT Persada Data Multimedia",26
AS149360,"IDNIC-INTELMEDIA-AS-ID PT Indo Telemedia Solusi",13
AS149361,"IDNIC-TOKOMIRING-AS-ID PT Toko Miring Berjaya",0
AS149362,"IDNIC-INFRATELINDO-AS-ID PT Infratelindo Nusantara Investama",0
AS149363,"IDNIC-BPKP-AS-ID Badan Pengawasan Keuangan dan Pembangunan",1
AS149364,"IDNIC-AWANBIT-AS-ID PT. AwanBit Data Indonesia",2
AS149365,"IDNIC-JAVAKREASINDO-AS-ID PT Java Kreasindo Bersama",2
AS149366,"IDNIC-POLTEKKES-KEMENKES-SURABAYA-AS-ID Poltekkes Kemenkes Surabaya",1
AS149367,"IDNIC-KCP-AS-ID PT Komunika Cepat Persada",0
AS149368,"IDNIC-SAWARGA-AS-ID PT Bentang Johar Awal",3
AS149369,"IDNIC-DEKADATA-AS-ID PT Dekadata Lingkar Nusantara",3
AS149370,"IDNIC-MALALONET-AS-ID PT Malalo Multimedia Manajemen",0
AS149371,"IDNIC-CAKRAWALASOLUSINDO-AS-ID PT Cakrawala Sarana Solusindo",3
AS149372,"IDNIC-IAIN-BUKITTINGGI-AS-ID Institut Agama Islam Negeri Bukittinggi",1
AS149373,"IDNIC-RBA-SOLUTION-AS-ID PT Rintis Berkah Akamila",3
AS149374,"IDNIC-AMDNET-AS-ID PT Alam Media Data",3
AS149375,"IDNIC-KOMINFOSERANGKAB-AS-ID Dinas Komunikasi Informatika Persandian dan Statistik Kabupaten Serang",3
AS149376,"IDNIC-ZARETIANCS-AS-ID PT Zaretian Citra Solusindo",0
AS149377,"IDNIC-KOMIT-AS-ID PT Komit Kreasi Indonesia",1
AS149378,"IDNIC-CNN-AS-ID PT Cakrawala Net Nusantara",1
AS149379,"IDNIC-KANELNETWORK-AS-ID PT Kayangan Media Lombok",2
AS149380,"IDNIC-AMNET-AS-ID PT Alfary Modula Teknologi",0
AS149381,"IDNIC-DISKOMINFO-TULUNGAGUNG-AS-ID Dinas Komunikasi dan Informatika Kabupaten Tulungagung",2
AS149382,"IDNIC-INFODIGITAL-AS-ID PT Informasi Digital Terdepan",0
AS149383,"IDNIC-MCRNET-AS-ID PT Mutiara Cahaya Raya Net",2
AS149384,"IDNIC-DISKOMINFOTAB-AS-ID Dinas Komunikasi dan Informatika Kabupaten Tabalong",1
AS149385,"IDNIC-AGUNGNETWORK-AS-ID PT Agung Network Solution",1
AS149386,"IDNIC-KOMCI-AS-ID PT Komunikasi Cepat Indonesia",0
AS149387,"IDNIC-INTERNETPEDIA-AS-ID PT Internet Pedia Indonesia",0
AS149388,"IDNIC-GTLOKOTA-AS-ID Pemerintah Kota Gorontalo",2
AS149389,"IDNIC-LANGITBERSAMA-AS-ID CV Langit Bersama",0
AS149390,"IDNIC-BOGARASA-AS-ID PT Bogarasa Citra Pratama",0
AS149391,"IDNIC-DAA-AS-ID PT Delta Awan Angkasa",2
AS149392,"IDNIC-HOPNET-AS-ID PT Hopnet Tunel Integrasi",2
AS149393,"IDNIC-SDC-AS-ID PT Solusi Data Cepat",3
AS149394,"IDNIC-GOANG-AS-ID PT Gonet Mandiri Teknologi",2
AS149395,"IDNIC-RSUTIDAR-AS-ID RSUD Tidar Magelang",2
AS149396,"IDNIC-SOLONE-AS-ID PT Sol One Indonesia",0
AS149397,"IDNIC-KHAIRUN-AS-ID Universitas Khairun",1
AS149398,"IDNIC-JMGKONEKSIKU-AS-ID PT Jaringan Multimedia Global",1
AS149399,"IDNIC-CLOUDMAX-AS-ID PT Sentra Awan Maxima",2
AS149400,"CYBERAKSES-AS-ID PT Cyber Akses Indonesia",7
AS149401,"IDNIC-SINTESA-AS-ID PT Sintesa Sinergi Nusantara",3
AS149402,"IDNIC-DISKOMINFOPROBOLINGGOKAB-AS-ID Diskominfo Pemerintah Kabupaten Probolinggo",2
AS149403,"CSNET-AS-ID PT Cahaya Solusindo Internusa",0
AS149404,"IDNIC-CEPATMULTIDATA-AS-ID PT Cepat Multi Data",4
AS149405,"IDNIC-JABARNET-AS-ID PT Multi Karya Athira",2
AS149406,"IDNIC-LLDIKTI-WIL6-GOV-ID Lembaga Layanan Pendidikan Tinggi Wilayah VI",0
AS149407,"IDNIC-SUNMOTOR-AS-ID PT Sun Star Motor",4
AS149408,"IDNIC-MBA-AS-ID PT Mutiara Bintang Abadi",1
AS149409,"CDNETID-AS-ID PT Core Digital Network",4
AS149410,"IDNIC-FIBERPLUS-AS-ID CV Fiberplus Teknologi",0
AS149411,"IDNIC-PSI-AS-ID PT Praweda Sarana Informatika",1
AS149412,"IDNIC-CDI-AS-ID PT Centris Data Indonesia",0
AS149413,"IDNIC-DISKOMINFOSANBANGLI-AS-ID Dinas Komunikasi Informatika dan Persandian Kabupaten Bangli",1
AS149661,"IDNIC-PMS-AS-ID PT Pricom Media Solusi",2
AS149662,"IDNIC-HOSTNETGLOBAL-AS-ID PT Hostnet Data Global",8
AS149663,"IDNIC-PALEMNET-AS-ID PT Palemnet Multimedia Data Perkasa",1
AS149664,"IDNIC-NKNET-AS-ID PT NKNET Data Media",1
AS149665,"IDNIC-CNDM-AS-ID PT Cybernet Data Multimedia",3
AS149666,"IDNIC-BADAKGS-AS-ID PT Badak Global Swatantra",0
AS149667,"IDNIC-GADING-NET-AS-ID PT Gading Bhakti Utama",2
AS149668,"IDNIC-KMSI-AS-ID PT Komatsu Marketing And Support Indonesia",1
AS149669,"IDNIC-UNIPA-AS-ID Universitas Papua",1
AS149670,"IDNIC-SIBERTECH-AS-ID PT Siber Tech Indonesia",6
AS149671,"IDNIC-WONOARTO-AS-ID PT Wonoarto Media Nusantara",3
AS149672,"IDNIC-FASTLINK-AS-ID PT Aktech Digital Solutions",5
AS149673,"IDNIC-HELLONET-AS-ID PT Selaras Lintas Nusa",1
AS149674,"IDNIC-CLOUDWELL-AS-ID PT Cloudwel Network Indonesia",1
AS149675,"IDNIC-DASARATA-AS-ID PT Garuda Lintas Cakrawala",4
AS149676,"IDNIC-LUMAJANGKAB-AS-ID Dinas Komunikasi dan Informatika Kabupaten Lumajang",1
AS149677,"IDNIC-TEPIANTEKNOLOGI-AS-ID CV Tepian Teknologi",2
AS149678,"IDNIC-BILQISNET-AS-ID CV Bilqis Network",0
AS149679,"IDNIC-JATIMPROV-AS-ID Pemerintah Provinsi Jawa Timur",3
AS149680,"IDNIC-RESTUMEDIA-AS-ID CV Restu Media",1
AS149681,"IDNIC-OSA-AS-ID PT Oreo Smart Access",5
AS149682,"IDNIC-NOMADEN-AS-ID PT Aplikasi Platform Nomaden",2
AS149683,"IDNIC-TEKLING-AS-ID CV Teknisi Keliling",0
AS149684,"PASIFICNAP-AP-ID PT. Kreatif Pasific",0
AS149685,"IDNIC-UWKS-AS-ID Universitas Wijaya Kusuma Surabaya",1
AS149686,"IDNIC-SMK-ADISANGGORO-AS-ID SMK Adi Sanggoro",0
AS149687,"IDNIC-SYAWALNET-AS-ID PT Syawal Atlantik System",1
AS149688,"IDNIC-SNT-AS-ID PT Satelit Nusantara Tiga",4
AS149689,"IDNIC-AKMLINK-AS-ID PT Akm Link Net",2
AS149690,"IDNIC-ALIMEDIAHOST-AS-ID CV Ali Media Network",2
AS149691,"IDNIC-SOLMEDIA-AS-ID PT Sol Media Indonesia",0
AS149692,"IDNIC-BAROKAH-AS-ID PT Barokah Nusantara Network",3
AS149693,"IDNIC-DATAMEDIA-AS-ID PT Jaringan Datamedia Nusantara",11
AS149694,"IDNIC-OKEDIGITALMEDIA-AS-ID PT Oke Digital Media",3
AS149695,"IDNIC-AS-ID Indonesia Network Information Center",0
AS149696,"IDNIC-NCN-AS-ID PT Network Center Nusantara",2
AS149697,"GIS-AS-ID PT Global Internet Solusindo",18
AS149698,"IDNIC-PARAMADAKSA-AS-ID PT Paramadaksa Teknologi Nusantara",2
AS149699,"IDNIC-RSUD-MOEWARDI-AS-ID RSUD Dr Moewardi",3
AS149700,"IDNIC-SMSTEL-AS-ID PT Semesta Telekomunikasi Indonesia",0
AS149701,"IDNIC-HBS-AS-ID PT Bumiputera Wisata",0
AS149702,"IDNIC-GO-NET-AS-ID PT Gian Nugraha Teknologi Indonesia",1
AS149703,"IDNIC-SMKN5MLG-AS-ID SMK Negeri 5 Malang",1
AS149704,"IDNIC-KAMAYO-AS-ID PT Panglima Kamayo Media",7
AS149705,"IDNIC-WIJAYAPAYMENT-AS-ID PT Wijaya Trimitra Indonesia",2
AS149706,"IDNIC-AEGISNET-AS-ID PT Aegis Ekakarsa Garuda Informatika Semesta",0
AS149707,"IDNIC-AKSESDATA-AS-ID PT Akses Data Internusa",0
AS149708,"IDNIC-AIDIPAY-AS-ID PT Analitika Digital Inovasi",0
AS149709,"IDNIC-AMIKOMPURWOKERTO-AS-ID Universitas Amikom Purwokerto",1
AS149710,"IDNIC-ALCEN-ID PT GEMILANG CATUR PERSADA",2
AS149711,"IDNIC-ALCEN-ID PT GEMILANG CATUR PERSADA",0
AS149712,"LINKTEL-AS-ID KabelTelekom",4
AS149713,"IDNIC-LDN-AS-ID PT Lentera Digital Nusantara",1
AS149714,"LAROS-AS-ID PT Lare Osing Ndo",4
AS149715,"IDNIC-GANAS-AS-ID PT Giga Network Solusindo",0
AS149716,"IDNIC-MAHAKAMGLOBALMEDIA-AS-ID PT Mahakam Global Media",3
AS149717,"IDNIC-TCON-AS-ID PT Trans Koneksi Nusantara",1
AS149718,"BINERI-AS-ID PT Satunol Digital Teknologi",7
AS149719,"IDNIC-POLIMDO-AS-ID Politeknik Negeri Manado",0
AS149720,"IDNIC-ALUS-AS-ID PT Adi Solusindo Teknologi",6
AS149721,"JTEL-AS-ID PT Media Jaringan Telekomunikasi",3
AS149722,"IDNIC-KOMINFO-MTW-AS-ID Dinas Komunikasi dan Informatika Kabupaten Kepulauan Metawai",1
AS149723,"IDNIC-AFNALINK-AS-ID PT Afna Digital Indonesia",2
AS149724,"IDNIC-MEDIAFIROPTIX-AS-ID PT Media Firoptix Indonesia",0
AS149725,"LJN-AS-ID PT Lintas Jaringan Nusantara",1
AS149726,"IDNIC-SHASTA-AS-ID PT Shasta Adhijaya",0
AS149727,"IDNIC-PANDAWA-NET-AS-ID PT Pandawa Perkasa Teknologi",0
AS149728,"IDNIC-ARSYA-MITRANET-AS-ID PT Arsya Bintang Nusantara",3
AS149729,"IDNIC-R17-AS-ID PT Rizki Tujuhbelas Kelola",1
AS149730,"IDNIC-MEDIAPOLEWALIV-AS-ID PT Media Polewali Vision",0
AS149731,"IDNIC-RADJANET-ID PT. Radja Telcon Utama",0
AS149732,"IDNIC-CONNEXIST-AS-ID PT Connexist Indonesia",0
AS149733,"IDNIC-MII-AS-ID PT Mats Internasional Indonesia",0
AS149734,"PEDEE-ID PEDEE",4
AS149735,"IDNIC-TPIMAXIM-ID PT. Teknologi Perdana Indonesia",2
AS149736,"IDNIC-SATRIANET-AS-ID PT Satria Digital Media",6
AS149737,"IDNIC-DATALINTAS-AS-ID PT Data Lintas Media Indonesia",3
AS149738,"IDNIC-DEKAGON-AS-ID PT Dekagon Indonesia Pratama",0
AS149739,"IDNIC-DWISINERGI-AS-ID PT Dwi Sinergi Sukses",0
AS149740,"IDNIC-HEISGNET-AS-ID PT Hebat Istimewa Geraknya",3
AS149741,"IDNIC-IAIN-LHOKSEUMAWE-AS-ID Institut Agama Islam Negeri Lhokseumawe",1
AS149742,"IDNIC-UTN-AS-ID PT Urban Teknologi Nusantara",2
AS149743,"IDNIC-GGI-AS-ID PT Global Green Indonesia",0
AS149744,"IDNIC-MISQOT-AS-ID PT Misqot Sejahtera Indonesia",3
AS149745,"IDNIC-POLTRADA-AS-ID Politeknik Transportasi Darat Bali",1
AS149746,"IDNIC-BLIP-AS-ID PT Blip Integrator Provider",34
AS149747,"IDNIC-ANTECH-AS-ID PT Andalan Pratama Indonusa",0
AS149748,"IDNIC-PAMEKASANKAB-ID Dinas Komunikasi Dan Informatika Kab. Pamekasan",3
AS149749,"MORIZT-ID Morizt",4
AS149750,"IDNIC-DBN-NUSA-AS-ID PT Data Buana Nusa",0
AS149751,"IDNIC-IMD-AS-ID PT Arbel Dunia Cemerlang",0
AS149752,"IDNIC-NEXAMEDIA-ID PT. Nexa Media Pratama",2
AS149753,"IDNIC-GLOBALMEDIA-AS-ID PT Global Sarana Mediakom",1
AS149754,"GLOBALCITRA-AS-ID PT Global Citra Teknologi",3
AS149755,"IDNIC-INSANNET-AS-ID PT Insan Sarana Selaras",0
AS149756,"IDNIC-SIP-AS-ID PT Solusi Internet Perdana",0
AS149757,"IDNIC-MEGATAMAINDO-AS-ID PT Megatama Cemerlang Gemilang",0
AS149758,"IDNIC-TCB-AS-ID PT Trimitra Cipta Bersama",3
AS149759,"IDNIC-I-NET-AS-ID PT Indonesia Net Teknologi",0
AS149760,"NAPINFO-AS-ID PT. NAP Info Lintas Nusa",0
AS149785,"IDNIC-ALPHA-ID PT ALPHA MEDIANUSA SOLUSINDO",0
AS149877,"IJE-AS-ID PT Integrasi Jaringan Ekosistem",8
AS149878,"IDNIC-CTSOLUSINDO-AS-ID PT Callysta Total Solusindo",2
AS149879,"IDNIC-LABBERU-AS-ID PT Lab Beru",0
AS149880,"IDNIC-IDNU-AS-ID PT Interkoneksi Data Nusantara",3
AS149881,"IDNIC-WIKAPLUS-ID PT. WIKAPLUS GLOBAL NUSANTARA",3
AS149882,"IDNIC-INFINITYCLOUD-AS-ID PT Citra Agung Mestika",2
AS149883,"IDNIC-PLAYONE-AS-ID PT Tekling Media Telematika",7
AS149884,"IDNIC-FOG-AS-ID CV FOG Architec",0
AS149885,"IDNIC-HNI-AS-ID PT Harmoni Networks Indonesia",1
AS149886,"IDNIC-PPPKPETRA-AS-ID PPPK Petra",3
AS149887,"TRIVIB-AS-ID PT Vision Internet Indonesia",0
AS149888,"IDNIC-KUSUMAVISION-AS-ID PT Berkah Media Kusuma Vision",2
AS149889,"IDNIC-DISKOMINFO-SRL-AS-ID Dinas Komunikasi dan Informatika Kab Soralangun",1
AS149890,"IDNIC-MENTARINETWORK-AS-ID CV Mentari Hakiki",0
AS149891,"IDNIC-MAEJIN-AS-ID PT Maejin Karya Media",1
AS149892,"IDNIC-INFOMEDIANUSA-AS-ID PT Infomedia Digital Nusa",0
AS149893,"IDNIC-SBU-AS-ID PT Sima Bahtera Utama",3
AS149894,"IDNIC-GERBANGINTERNET-AS-ID PT Gerbang Akses Internet",0
AS149895,"IDNIC-AP1-AS-ID PT Angkasa Pura I",2
AS149896,"IDNIC-AZKYAL-AS-ID PT Azkyal Network Madina",2
AS149897,"TARA-NET-AS-ID PT Amanusa Telemedia Mahardika",4
AS149898,"IDNIC-RETBIZZ-AS-ID PT Retbizz Exabit Indonesia",2
AS149899,"IDNIC-MAINAKANET-ID PT Mainaka Internusa Persada",0
AS149900,"IDNIC-KOPINETGO-ID PT Kreasi Network Gorontalo",1
AS149901,"IDNIC-SUPERLINK-AS-ID PT Garuda Super Link",2
AS149902,"IDNIC-GMSNET-AS-ID PT Garuda Mitra Solusi",2
AS149903,"IDNIC-PANDAWA-LM-AS-ID PT Pandawa Lintas Media",2
AS149904,"IDNIC-POLITANI-SAMARINDA-AS-ID Politeknik Pertanian Negeri Samarinda",0
AS149905,"IDNIC-RRI-ID LPP Radio Republik Indonesia",0
AS149906,"IDNIC-WD-SOLUSINDO-AS-ID PT Wahana Data Solusindo",3
AS149907,"IDNIC-LINKBIT-AS-ID PT Linkbit Inovasi Teknologi",4
AS149908,"IDNIC-KOMINFOASAHAN-AS-ID Pemerintah Kabupaten Asahan",1
AS149909,"IDNIC-PANJALU-AS-ID PT Panjalu Sarana Data Indonesia",3
AS149910,"IDNIC-DINGKLIK-AS-ID PT Ding Kloud Indokarya",1
AS149911,"IDNIC-BSA-AS-ID PT Blitar Sarana Data",1
AS149912,"IDNIC-GRAHASUMBERTEKNOLOGI-AS-ID PT Graha Sumber Teknologi",2
AS149913,"IDNIC-OOFYDI-AS-ID PT Sarana Kreasi Teknologi Indonusa",1
AS149914,"IDNIC-AMN-AS-ID PT Amerta Media Nusacipta",0
AS149915,"LINTASDAYA-AS-ID PT Lintas Daya Nusantara",2
AS149916,"IDNIC-LGS-AS-ID PT Lentera Global Solusi",0
AS149917,"SILOKA-ID PT. SILOKA INTEGRASI TEKNOLOGI",2
AS149918,"NAPINFO-AS-ID PT. NAP Info Lintas Nusa",0
AS149919,"IDNIC-DIGITALCYBERINDO-AS-ID PT Digital Cyber Informatika",0
AS149920,"METRO-RB-AS-ID PT Metro Ring Bersama",3
AS149921,"IDNIC-MANDIRIGLOBAL-AS-ID PT Mandiri Global Data",1
AS149922,"IDNIC-JRP-AS-ID PT Asuransi Jasaraharja Putera",1
AS149923,"IDNIC-HADJIKALLA-AS-ID PT Hadji Kalla",1
AS149924,"IDNIC-SBJNET-AS-ID PT Sugi Bintang Jaya",2
AS149925,"IDNIC-SWNETWORK-AS-ID PT Sakti Wijaya Network",5
AS149926,"IDNIC-ILHAMWS-AS-ID PT Ilham Wifi Solution",2
AS149927,"IDNIC-UNALMAATAYK-AS-ID Universitas Alma Ata Yogyakarta",1
AS149928,"IDNIC-DISKOMINFODAIRI-AS-ID Dinas Komunikasi dan Informatika Kabupaten Dairi",1
AS149929,"IDNIC-GIGA-AS-ID PT Aplikasi Platform Giga",2
AS149930,"IDNIC-REPLAY-AS-ID PT Replay Inti Media",5
AS149931,"IDNIC-SKIWEB-AS-ID PT Salib Kasih Internet",2
AS149932,"IDNIC-NPCT1-AS-ID PT New Priok Container Terminal One",1
AS149933,"IDNIC-MANJURGROUP-AS-ID PT Sahabat Manjur Grup",2
AS149934,"IDNIC-PALINDONET-AS-ID PT Pangkalan Lintas Data",4
AS149935,"IDNIC-HNA-AS-ID PT Hanania Nusantara Abadi",3
AS149936,"Indonesia Network Information Center [IDNIC]",0
AS149937,"IDNIC-PROTELINDO-AS-ID PT Profesional Telekomunikasi Indonesia",2
AS149938,"IDNIC-ATHANET-AS-ID PT Atha Internet Nusantara",1
AS149939,"IDNIC-DANAREKSA-AS-ID PT Danareksa Persero",2
AS149940,"IDNIC-MULIABATAMNET-AS-ID PT Mulia Batam Net",5
AS149941,"IDNIC-JBN-NUSA-AS-ID PT Jaringan Buana Nusa",0
AS149942,"IDNIC-VIGONETWORK-AS-ID PT Visioner Lima Solusindo",2
AS149943,"IDNIC-ADINET-AS-ID PT Ayodya Data Internusa",2
AS149944,"IDNIC-DKKN-AS-ID PT Dak Kite Kih Nabil",2
AS149945,"IDNIC-ICO-AS-ID PT Internet Corp Ltd",1
AS149946,"IDNIC-MPI-AS-ID PT Multinet Perkasa Indonesia",9
AS149947,"IDNIC-PPA-AS-ID PT Putra Perkasa Abadi",3
AS149948,"IDNIC-NUSAHOST-AS-ID PT Magna Network",6
AS149949,"IDNIC-UNIVMULAWARMAN-AS-ID Universitas Mulawarman",1
AS149950,"IDNIC-ID Indonesia Network Information Center",0
AS149951,"IDNIC-UPAZNET-AS-ID PT Dimensi Jaringan Bersinar",3
AS149952,"IDNIC-LINKDATA-AS-ID PT Link Data Nusantara",0
AS149953,"IDNIC-PEDJOEANGDIGITAL-AS-ID PT Pedjoeang Digital Networks",1
AS149954,"IDNIC-KERRY-ID PT. PEMUKASAKTI MANISINDAH",0
AS149955,"IDNIC-SHINWON-ID PT. FASHION STITCH JOSHUA",0
AS149956,"IDNIC-PRADANAINOV-ID PT PRADANA INOVASI TEKNOLOGI",0
AS149957,"IDNIC-SCT-ID PT. SURYA CITRA TECHNOLOGY",0
AS149958,"IDNIC-FIM-ID PT. Federal Izumi Manufacturing",0
AS149959,"IDNIC-DPUPRTANGERANG-ID Dinas Pekerjaan Umum dan Penataan Ruang Kota Tangerang",0
AS149960,"IDNIC-KOMUNIKASIBUANA-AS-ID PT Komunikasi Indah Buana",0
AS149961,"IDNIC-BOMATEKNOLOGI-AS-ID PT Boma Eka Solusi Teknologi",0
AS149962,"IDNIC-ANTARESCYBER-AS-ID PT Antares Bintang Cemerlang",0
AS149963,"XNETWORK-AS-ID PT Layanan Internet Sakti",2
AS149964,"IDNIC-MITRACOM-ID PT. MITRACOM SOLUSI TEKNOLOGI",2
AS149965,"IDNIC-TOBAJAYA-ID PT. TOBA JAYA NET",3
AS149966,"IDNIC-KABNGANJUK-AS-ID Dinas Komunikasi & Informatika Kabupaten Nganjuk",1
AS149967,"IDNIC-CMI-INT-AS-ID PT Indonesia China Mobile",1
AS149968,"IDNIC-KOMINFOHUMBAHAS-AS-ID Diskominfo Kabupaten Humbang Hasundutan",1
AS149969,"IDNIC-KBVALBURY-AS-ID PT KB Valbury Sekuritas",2
AS149970,"IDNIC-BUKITASAM-AS-ID PT Bukit Asam Tbk",2
AS149971,"JABNET-AS-ID PT Jujur Amanah Barokah",3
AS149972,"IDNIC-ZETTALINK-AS-ID PT Salingka Telekomunikasi Nusantara",3
AS149973,"IDNIC-GOSYEN-AS-ID PT Goysen Solusi Teknologi",0
AS149974,"IDNIC-DISKOMINFOKABPEMALANG-AS-ID Dinas Komunikasi dan Informatika Kabupaten Pemalang",1
AS149975,"IDNIC-JLD-AS-ID PT Juragan Lintas Data",0
AS149976,"ADSNETWORK-AS-ID PT Adhelin Data Solution",2
AS150185,"IDNIC-NALANET-AS-ID PT Prima Nala Mandiri",3
AS150186,"IDNIC-TMKSOLUTIONS-AS-ID PT Tristek Media Kreasindo",2
AS150187,"IDNIC-JOGLO-AS-ID PT Indo Teknologi Konstruksi",3
AS150188,"IDNIC-BELITUNG-AS-ID Dinas Komunikasi dan Informatika Kabupaten Belitung",1
AS150189,"IDNIC-FRAMEDATA-AS-ID PT Frame Data Network",0
AS150190,"IDNIC-SUMIX-AS-ID PT Sumatra Internet Exchange",2
AS150191,"IDNIC-SARANAINTIMEDIA-AS-ID PT Sarana Intimedia Telematika",6
AS150192,"IDNIC-POLTEKPELSBY-AS-ID Politeknik Pelayaran Surabaya",1
AS150193,"IDNIC-OLEAN-AS-ID PT Olean Permata Telematika",3
AS150194,"IDNIC-AFANET-AS-ID CV Afanet Multimedia",0
AS150195,"IDNIC-KBIFOOD-AS-ID PT Kbi Food Indonesia",0
AS150196,"IDNIC-ART-AKSES-AS-ID PT Arthaloka Reka Teknologi",3
AS150197,"IDNIC-CURUGNET-AS-ID PT Curug Lintas Indonesia",4
AS150198,"IDNIC-KREDIBA-AS-ID PT Kreasi Digital Bangsa",0
AS150199,"IDNIC-JNS-AS-ID PT Jaringan Nusantara Samota",1
AS150200,"IDNIC-SWAINET-AS-ID PT Sarana Working Akses Indonesia",2
AS150201,"IDNIC-GLOBALINFO-AS-ID PT Global Data Informatika",0
AS150202,"IDNIC-NANAKA-AS-ID PT Nanaka Network Communication",1
AS150203,"IDNIC-CHINATELECOMGLOBAL-AS-ID PT. CHINA TELECOM INDONESIA",3
AS150204,"IDNIC-FASTLINKONEKSI-AS-ID PT Fastlink Koneksi Indonesia",4
AS150205,"IDNIC-LLF-AS-ID CV Li Lu Fang",0
AS150206,"IDNIC-RAFATEK-AS-ID PT Rafa Teknologi Solusi",2
AS150207,"IDNIC-CITRACAKRAWALA-AS-ID PT Citra Cakrawala Pratama",1
AS150208,"IDNIC-IDMNET-AS-ID PT Internusa Duta Makmur",9
AS150209,"IDNIC-CLI-AS-ID PT Cloudtronics Indonesia Jaya",0
AS150210,"IDNIC-WBS-AS-ID PT Wadma Berkah Sedaya",2
AS150211,"IDNIC-VNTNETWORKS-AS-ID PT Jaringan VNTNET Indonesia",3
AS150212,"IDNIC-CIRCLE-AS-ID PT Circles Asia Teknologi",0
AS150213,"IDNIC-SAKAMEDIA-AS-ID PT Saka Media Komunika",2
AS150214,"IDNIC-JB-DATA-AS-ID PT Jaringan Data Buana",0
AS150215,"IDNIC-EBTEL-AS-ID PT Era Bangun Indonesia",2
AS150216,"IDNIC-KHZ-AS-ID PT Khazanah Net Indonesia",3
AS150217,"IDNIC-KLOJEN-AS-ID PT Klojen",0
AS150218,"IDNIC-WMN-AS-ID PT Wijaya Mandiri Network",2
AS150219,"IDNIC-IU-DEXA-AS-ID PT Inertia Utama",2
AS150220,"IDIX-AS-ID ID-IX",0
AS150221,"IDNIC-SMARTLINK-AS-ID PT Smartlink Multimedia Network",1
AS150222,"IDNIC-AKSES-AS-ID PT Paket Switch Bersama",2
AS150223,"IDNIC-SOLIDBLUE-AS-ID PT Kawasan Lintas Biru Digital",0
AS150224,"IDNIC-TRUSTNETMEDIA-AS-ID CV Trustnet Media",0
AS150225,"IDNIC-JAMANDIGITAL-AS-ID T Era Jaman Digital",0
AS150226,"IDNIC-ELITE-AS-ID PT Elite Teknologi Akademi",2
AS150227,"IDNIC-ROREN-AS-ID Biro Perencanaan Sekretariat Jenderal Kementrian Pendidikan",0
AS150228,"IDNIC-GIZTECH-AS-ID PT Argiz Mitra Technology",4
AS150229,"EAZYNET-ID PT Wijaya Lintas Komindo",2
AS150230,"IDNIC-JETSNET-ID PT. Jember Teknologi Solusi",2
AS150231,"IDNIC-JSNDEMAK-AS-ID PT Jaringanku Sarana Nusantara Demak",0
AS150232,"IDNIC-DISAFA-AS-ID PT Disafa Cahaya Utama",2
AS150233,"IDNIC-MAESANET-AS-ID PT Maesa Nusantara Indonesia",1
AS150234,"IDNIC-TDM-AS-ID PT Trans Digital Media",0
AS150235,"IDNIC-IJM-AS-ID PT Insolikh Jaringan Multimedia",2
AS150236,"IDNIC-INFRA-AS-ID PT Aneka Usaha Kabupaten Pemalang Perseroda",0
AS150237,"IDNIC-AKSESDIGITAL-AS-ID PT Akses Digital Bersama",3
AS150238,"IDNIC-SHARTEL-AS-ID PT Shanum Sarana Telekomunikasi",0
AS150239,"IDNIC-ICTEL-AS-ID PT Infrastruktur Cakrawala Telekomunikasi",0
AS150240,"IDNIC-SIMTEK-NET-AS-ID PT Gusti Global Group",1
AS150241,"IDNIC-AMT-ASIANET-AS-ID PT Asianet Media Teknologi",1
AS150242,"IDNIC-KDN-AS-ID PT Kampung Dua Net",2
AS150243,"IDNIC-KHALISTAGROUP-ID CV. KHALISTA GROUP",1
AS150244,"IDNIC-DMI-AS-ID PT Digitech Media Integrasi",0
AS150245,"IDNIC-SAKTINET-AS-ID PT Sakti Media Telekomunikasi",3
AS150246,"IDNIC-KEDAWUNG-AS-ID PT Kedawung Cipta Mandiri",0
AS150247,"IDNIC-PLJNET-AS-ID PT Pandawa Lima Java Network",2
AS150248,"IDNIC-BORNEO-AS-ID PT Global Jaringan Borneo",1
AS150249,"IDNIC-ATHARVA-AS-ID PT Atharva Telematika Persada",15
AS150250,"IDNIC-AIYESNET-ID PT Sarana Jaringan Indonesia",0
AS150251,"IDNIC-AKSESARMEDIA-AS-ID PT Akses Artha Media",5
AS150252,"IDNIC-KIAAKSES-AS-ID PT Kia Integrasi Akses",1
AS150253,"IDNIC-FINSMEDIA-ID PT. FINS MEDIATECHNO NUSANTARA",1
AS150254,"IDNIC-OCTANET-AS-ID PT Centrix Media Teknologi",2
AS150255,"IDNIC-MNC-AS-ID PT MNC Digital Indonesia",0
AS150256,"IDNIC-IJDN-AS-ID PT Interkoneksi Jaringan Data Nusantar",1
AS150257,"IDNIC-NETFLASH-ID PT Telindo Flash Mediatama",3
AS150258,"IDNIC-LINKRA-AS-ID PT Linkra Wahana Teknologi",0
AS150259,"IDNIC-MGSWIFIHOME-ID PT Multi Guna Sinergi",2
AS150260,"IDNIC-ARTAV-AS-ID PT Artav Mobile Indonesia",0
AS150261,"IDNIC-CYBERMEDIA-AS-ID PT Cybermedia Network Nusantara",3
AS150262,"IDNIC-NETVAS-AS-ID PT Juli Digital Nusantara",3
AS150263,"ALNET-AS-ID PT Alnet Telekomunikasi Indonesia",3
AS150264,"IDNIC-PGMNET-AS-ID PT Pelita Global Media",0
AS150265,"IDNIC-RACEMEDIA-AS-ID PT Rajawali Bintang Cemerlang Telkomedia",3
AS150266,"IDNIC-INHQI-AS-ID PT Inhqi Media Infotek",3
AS150267,"IDNIC-LANRI-AS-ID Lembaga Administrasi Negara Republik Indonesia",1
AS150268,"IDNIC-HEXA-AS-ID PT Hexa Media Sarana",0
AS150269,"IDNIC-IXTELECOM-AS-ID PT IX Telecom",1
AS150270,"IDNIC-MAHKOTAMAS-AS-ID PT Mahkota Mas Insan Persada",3
AS150271,"IDNIC-MPR-AS-ID Sekretariat Jenderal MPR RI",0
AS150272,"IDNIC-GNETWORK-ID PT. GOLDEN NETWORK NUSANTARA",3
AS150273,"IDNIC-BMI-AS-ID PT Berkah Maju Interasional",1
AS150274,"IDNIC-ZAFIRA-AS-ID PT Gateway media Zafira",1
AS150275,"IDNIC-SEMNETWORK-AS-ID PT Singoedan Media Network",2
AS150276,"IDNIC-RADCOMM-AS-ID PT Radcomm Surya Nusantara",0
AS150277,"IDNIC-MOORESROWLAND-AS-ID PT Moores Rowland Indonesia",0
AS150278,"IDNIC-TPK-BUMINET-ID PT Tanjung Pilar Teknologi",0
AS150279,"IDNIC-LNS-AS-ID PT Lintas Network Solusi",8
AS150280,"IDNIC-OTBAN-WIL1-AS-ID Kantor Otoritas Bandar Udara",0
AS150281,"BSS-AS-ID PT Bina Solusi Sejahtera",1
AS150282,"IDNIC-PMG-AS-ID PT Pusat Maju Gemilang",0
AS150283,"IDNIC-DISKOMINFO-GOWA-AS-ID Dinas Komunikasi Informatika, Statistik dan Persandian Kabupaten Gowa",1
AS150284,"IDNIC-PASTINET-AS-ID PT Pasti Mandiri Solusi",4
AS150460,"IDNIC-AKSENT-AS-ID PT Akses Sentral Teknologi",4
AS150461,"IDNIC-IFTALINK-AS-ID PT Iftalink Media Karya",1
AS150462,"IDNIC-AIRLINK-AS-ID PT Air Lintas Komunikasi",4
AS150463,"IDNIC-ISNET-AS-ID PT Inti Sukses",0
AS150464,"IDNIC-TPK-BUMINET-AS-ID PT Tanjung Pilar Teknologi",0
AS150465,"IDNIC-AB3-AS-ID CV Ab Three Multimedia",0
AS150466,"IDNIC-PESONA-NET-AS-ID PT Pesona Nusa Vision",1
AS150467,"IDNIC-HFM-AS-ID PT Handayani Fiber Media",1
AS150468,"IDNIC-BINTEKS-AS-ID PT Bintang Teknologi Sejahtera",1
AS150469,"IDNIC-MELESAT-AS-ID PT Melesat Prima Nusantara",3
AS150470,"IDNIC-ALWINET-AS-ID PT Abadi Lentera Wahana Indonesia",2
AS150471,"IDNIC-ANDALASNET-AS-ID PT Andalas Alfa Network",0
AS150472,"IDNIC-UMZAHNET-AS-ID PT Umzah Sukses Jaringan Andalan",1
AS150473,"IDNIC-PAL-AS-ID PT PAL Indonesia Persero",0
AS150474,"IDNIC-GUNUNGMADU-AS-ID PT Gunung Madu Plantations",1
AS150475,"IDNIC-JUWITA-AS-ID CV Redjo Pawiro",0
AS150476,"IDNIC-TRAVELWIFI-AS-ID PT Republik Teknologi Kreasi Negeri",0
AS150477,"IDNIC-ARSYAMEDIA-AS-ID PT Arsya Media Data Group",0
AS150478,"IDNIC-STG-AS-ID PT Solusi Teknologi Gemilang",2
AS150479,"SOLNET-AS-ID PT Solnet Indonesia",0
AS150480,"BURSANET-AS-ID PT Swara Logika Laboratory",4
AS150481,"IDNIC-HAMENGKU-AS-ID PT Hamengku Karya",0
AS150482,"IDNIC-GAPURADIGITAL-AS-ID PT Gapura Era Digital",3
AS150483,"IDNIC-KNA-AS-ID PT Kuantan Net Akses",4
AS150484,"IDNIC-JON-AS-ID PT Jaringan Optic Nusantara",2
AS150485,"IDNIC-ANCITA-ID PT ANUGERAH CIPTA TARAPTI",0
AS150486,"IDNIC-NAFA-AS-ID PT Nafa Solusi Persada",0
AS150487,"IDNIC-NASATEL-AS-ID NASATEL",4
AS150488,"IDNIC-TGIF-AS-ID PT Teknologi Gema Informasi",2
AS150489,"IDNIC-GOWTECHNO-AS-ID CV Gowtechno",1
AS150490,"IDNIC-GEMNET-AS-ID PT General Media Network",3
AS150491,"IDNIC-GISTINGTRANS-AS-ID CV Gisting Trans Network",0
AS150492,"IDNIC-ESAUNGGUL-AS-ID Universitas Esa Unggul",2
AS150493,"IDNIC-PGSS-AS-ID PT Gunung Sedayu Sentosa",3
AS150494,"IDNIC-ADF-AS-ID PT Aceh Digital Fenam",2
AS150495,"IDNIC-ANDALSOFTWARE-AS-ID PT. ANDAL SOFTWARE SEJAHTERA",2
AS150496,"IDNIC-MIMIKAKAB-AS-ID Dinas Komunikasi Dan Informatika Kabupaten Mimika",1
AS150497,"IDNIC-KHARISMANET-AS-ID PT Media Kharisma Nusantara",0
AS150498,"IDNIC-ADG-AS-ID PT Aidi Digital Global",2
AS150499,"IDNIC-DSMEDIA-AS-ID PT Desane Sinar Media",1
AS150500,"IDNIC-PINGNET-AS-ID PT Prima Alikhlas Multimedia",0
AS150501,"IDNIC-HCI-AS-ID PT Haci Telekomunikasi Indonesia",3
AS150502,"IDNIC-LINTASDATAASIA-AS-ID PT Lintas Data Asia",0
AS150503,"IDNIC-ITNET-AS-ID PT Indo Tungkal Net",2
AS150504,"IDNIC-CIGSID-AS-ID PT CIGS Indonesia Digital",3
AS150505,"IDNIC-DUNIANET-AS-ID PT Dunia Tak Terbatas",1
AS150506,"IDNIC-PFI-AS-ID PT Pusat Fiber Indonesia",7
AS150507,"IDNIC-MNK-AS-ID CV Maudy Network Komunikasi",0
AS150508,"IDNIC-NET2I-AS-ID PT Network Interbridge Indonesia",0
AS150509,"TWINSDATAPRATAMA-AS-ID PT Twins Data Pratama",3
AS150510,"IDNIC-KAWANLAMA-ID PT Kawan Lama Sejahtera",4
AS150511,"IDNIC-SJBI-AS-ID PT Sinar Jambi Baru Intermedia",0
AS150512,"IDNIC-MASKOMINDONESIARAYA-AS-ID PT Maskom Indonesia Raya",2
AS150513,"IDNIC-MBIZ-AS-ID PT Brilliant Ecommerce Berjaya",2
AS150514,"IDNIC-SCHOOLMEDIA-AS-ID PT. Janish Lintas Data",0
AS150515,"IDNIC-AJTN-AS-ID PT Agung Jaya Telekomunikasi Nusantara",2
AS150516,"IDNIC-BNPT-AS-ID Badan Nasional Penanggulangan Terorisme",2
AS150517,"IDNIC-GRASI-AS-ID PT Media Grasi Internet",3
AS150518,"IDNIC-PMK-AS-ID Kemenko PMK RI",1
AS150519,"IDNIC-HARMONIKAID-AS-ID PT Harmonika Multimedia Sawangan",1
AS150520,"IDNIC-UNISM-AS-ID Universitas Sari Mulia",0
AS150521,"IDNIC-PPU-AS-ID Politeknik Pekerjaan Umum",2
AS150522,"IDNIC-TUSABA-AS-ID PT Tusaba Sinergy Abadi",0
AS150523,"IDNIC-IDE-AS-ID PT Ide Digital Inovatif",0
AS150524,"IDNIC-LDB-AS-ID PT Lintas Data Banua",1
AS150525,"IDNIC-BUTONUTARAKAB-AS-ID Dinas Komunikasi, Informatika dan Persandian Kabupaten Buton Utara",0
AS150526,"IDNIC-GISAKA-AS-ID PT Giandra Saka Media",2
AS150527,"IDNIC-NIMBUS-NET-AS-ID PT Nusa Global Sistema",0
AS150528,"IDNIC-SMT-AS-ID PT Starone Mitra Telekomunikasi",0
AS150529,"IDNIC-SUKATEK-AS-ID PT Sukha Karya Teknologi",2
AS150530,"IDNIC-MDT-AS-ID PT Mars Data Telekomunikasi",3
AS150531,"IDNIC-DNATECH-AS-ID PT Dna Teknologi Indonesia",0
AS150532,"IDNIC-KORPOLAIRUDPOLRI-AS-ID Korpolairud Baharkam Polri",1
AS150533,"IDNIC-UNISMUH-AS-ID Universitas Muhammadiyah Makassar",1
AS150534,"IDNIC-ETIQA-AS-ID PT Asuransi Etiqa Internasional Indonesia",1
AS150535,"IDNIC-JKN-AS-ID PT Jaringan Angkasa Intermedia",1
AS150536,"IDNIC-PMN-AS-ID PT Polarindo Media Nusantara",0
AS150537,"IDNIC-RADCOMMNET-AS-ID PT Radcomm Akses Nusantara",3
AS150538,"IDNIC-SITUSKREATIF-AS-ID PT Situs Kreatif Indonesia",0
AS150539,"MAXXPLUS-AS-ID PT Akses Utama Dinamika",1
AS150540,"IDNIC-JAVAHOME-ID PT. Kalam Digital Signalindo",2
AS150541,"IDNIC-OAS-ID PT Oren Abadi Sakti",3
AS150542,"IDNIC-APEXCORP-ID PT Maju Makmur Unggul Indonesia",0
AS150543,"IDNIC-MITRANUSA-AS-ID PT Mitranet Data Nusantara",1
AS150544,"IDNIC-GLOBALV2-AS-ID PT Global Visi Vindici",1
AS150545,"IDNIC-APABALI-AS-ID PT Arjuna Properti Asri",0
AS150546,"IDNIC-DISKOMINFOKABKDR-ID Dinas Komunikasi dan Informatika Kabupaten Kediri",1
AS150547,"IDNIC-METTADC-AS-ID PT Mettadc Teknologi Indonesia",0
AS150548,"IDNIC-LIGHTSTORM-AS-ID PT Lightstorm Indonesia Telekomunikasi",0
AS150549,"IDNIC-JKBTEL-AS-ID PT JKB Telematika Indonesia",2
AS150550,"IDNIC-TEENNET-AS-ID PT Telekomunikasi Network Nusantara",1
AS150551,"IDNIC-TRIPLEZHINETWORK-AS-ID PT Triple Zhi Network",2
AS150552,"BAROKAHNET-AS-ID PT Link Data Sumber Barokah",4
AS150553,"IDNIC-SITEOONET-AS-ID PT Nusa Jaya Prasetyo",2
AS150554,"IDNIC-JTIG-AS-ID PT Jaringan Tiang Indonesia Group",1
AS150555,"IDNIC-BITTELCO-AS-ID PT Binerkahan Digital Telco",1
AS150556,"IDNIC-KLIKFARM-ID CV KLIK FARM INDONESIA",1
AS150557,"IDNIC-HASTEL-ID PT HASIBUAN TELEKOMUNIKASI INDONESIA",2
AS150558,"IDNIC-WAYABUNG-AS-ID PT Wayabung Global Network",2
AS150559,"IDNIC-GMT-AS-ID PT Genezis Mitra Technology",3
AS150690,"IDNIC-ABIFIBER-AS-ID PT Shankara Kalandra Jaya",2
AS150752,"IDNIC-CSI-AS-ID PT Campereniq Solusi Intermedia",2
AS150913,"IDNIC-ADANTARA-AS-ID PT Alam Daur Nusantara",2
AS150914,"IDNIC-NEDLINK-AS-ID PT Ned Link Telekomunikasi",2
AS150915,"IDNIC-BGPWESTKAL-AS-ID PT Borneo Global Persada",3
AS150916,"IDNIC-MEGAHDATAUTAMA-AS-ID PT Megah Data Utama",0
AS150917,"IDNIC-ADIBISA-AS-ID PT Antar Data Informatika",1
AS150918,"IDNIC-BCAI-AS-ID PT Asuransi Umum BCA",0
AS150919,"IDNIC-TRINITY-AS-ID PT Trinity Media Indonesia",1
AS150920,"IDNIC-SOLUSI247-AS-ID PT Dua Empat Tujuh",1
AS150921,"IDNIC-SATUID-AS-ID PT Satu Akses Indonesia",2
AS150922,"IDNIC-HJN-RIAU-AS-ID PT Hafiza Jaringan Nusantara Riau",0
AS150923,"IDNIC-SIDNET-AS-ID PT Sistem Interkoneksi Data",3
AS150924,"HEPRA-AS-ID PT Hepra Teknologi Indonesia",2
AS150925,"IDNIC-SUMENEPKAB-ID Pemerintah Daerah Kabupaten Sumenep Dinas Komunikasi dan Informatika",2
AS150926,"IDNIC-GSP-AS-ID PT Gerbang Sinergi Prima",1
AS150927,"IDNIC-LIMACAHAYAKOTIM-AS-ID PT Lima Cahaya Kotim",1
AS150928,"IDNIC-INTI-SEMESTA-AS-ID PT Inti Semesta Patriot",0
AS150929,"IDNIC-IMTEL-ID PT. IMTEL SINERGI UTAMA",0
AS150930,"IDNIC-KDB-AS-ID PT Kolaborasi Digital Bersama",1
AS150931,"IDNIC-DENTASEJAHTERAGROUP-AS-ID PT Denta Sejahtera Group",2
AS150932,"IDNIC-BAYUGROUPNUSANTARA-AS-ID PT Bayu Group Nusantara",2
AS150933,"IDNIC-CMDJNETWORKSOLUTION-AS-ID PT Cmdj Network Solution",2
AS150934,"IDNIC-HARDWORK-ID PT Hard Work Media Data Trans",2
AS150935,"IDNIC-PONOROGO-ID Dinas Komunikasi Informatika dan Statistik Kab. Ponorogo",3
AS150936,"IDNIC-RECONET-ID PT RECONET SEMESTA INDONESIA",4
AS150937,"IDNIC-NEUTRON-AS-ID PT Neutron Mitra Nusantara",3
AS150938,"IDNIC-MITRAGLOBALTELEMEDIA-AS-ID PT Mitra Global Telemedia",1
AS150939,"IDNIC-INTETIC-AS-ID PT Indo Teknologi Logistic",0
AS150940,"IDNIC-MAPALUS-AS-ID PT. MAPALUS MEDIA TELEKOMUNIKASI",0
AS150941,"IDNIC-DTTRANS-AS-ID PT Duta Trans Nusantara Network",2
AS150942,"IDNIC-LAMBDA-AS-ID LAMBDA",3
AS150943,"IDNIC-DISKOMINFOTIKDUMAI-AS-ID Dinas Komunikasi, Informatika, Statistik dan Persandian Kota Dumai",1
AS150944,"IDNIC-MCONNECT-AS-ID PT Mediatama Internusa Persada",3
AS150945,"IDNIC-HARRISMADATACITTA-AS-ID PT Harrisma Data Citta",3
AS150946,"PRATAMANET-ID PT Bhima Anugrah Pratama",5
AS150947,"IDNIC-MRT-AS-ID PT Mass Rapid Transit Jakarta Perseroda",0
AS150948,"IDNIC-EXISTNET-AS-ID PT Existnet Mathesis Teknologi",3
AS150949,"IDNIC-RHOST-AS-ID PT RumahNET Internusa",2
AS150950,"DNIC-DISKOMINFO-NUNUKAN-AS-ID Dinas Komunikasi, Informatika, Statistik dan Persandian Kabupaten Nunukan",0
AS150951,"DCN-AS-ID PT Data Cyber Nusantara",1
AS150952,"IDNIC-JIS-AS-ID PT Jaringan Internet Satelit",0
AS150953,"IDNIC-SNL-AS-ID PT Satelit Nusantara Lima",6
AS150954,"IDNIC-JMC-AS-ID PT Jaringan Multimedia Cirebon",3
AS150955,"IDNIC-MIT-INTEGRA-AS-ID PT Mitra Integra Telekom",2
AS150956,"IDNIC-PRONETSOLUSI-AS-ID PT Pronet Data Solusi",0
AS150957,"IDNIC-KLIKFARM-AS-ID CV KLIK FARM INDONESIA",0
AS150958,"IDNIC-FDN-AS-ID PT Fiber Data Nusantara",3
AS150959,"IDNIC-RADBOOX-AS-ID PT SSR Digital Informatika",2
AS150960,"IDNIC-MAJUWIJAYA-ID PT. Maju Wijaya Network",2
AS150961,"IDNIC-KLIKPAS-ID PT. Pandeglang Akses Semesta",3
AS150962,"IDNIC-INTERA-ID PT. Internet Rakyat Solusi Indonesia",1
AS150963,"IDNIC-EXELNET-AS-ID PT Exklesia Netmedia Solusindo",0
AS150964,"IDNIC-LIT-AS-ID PT Level Indodata Teknologi",1
AS150965,"IDNIC-BAS-AS-ID PT BAS Network Indonesia",2
AS150966,"IDNIC-CENTRALDIGITALNETWORK-AS-ID PT Central Digital Network",4
AS150967,"IDNIC-BUANAMENARA-AS-ID PT Buana Menara Indonesia",3
AS150968,"JARTEL-AS-ID PT Jaringanku Media Telekomunikasi",6
AS150969,"IDNIC-PNM-MADIUN-AS-IS Politeknik Negeri Madiun",1
AS150970,"IDNIC-KALIMASADAINTISARANA-AS-ID PT Kalimasada Inti Sarana",2
AS150971,"IDNIC-MIDI-AS-ID PT Media Inovasi Data Indonesia",3
AS150972,"ABINET-AS-ID PT Andal Berjaya Infomedia",0
AS150973,"TEMADIGI-AS-ID PT Teknologi Madani Utama",1
AS150974,"IDNIC-TAPINKAB-AS-ID Dinas Komunikasi dan Informatika Kabupaten Tapin",1
AS150975,"IDNIC-ODN-AS-ID PT Otoritas Digital Niaga",0
AS150976,"IDNIC-MSNET-AS-ID PT Mekarsari Digital Teknologi",1
AS150977,"IDNIC-ATSINDONESIA-AS-ID PT Agung Toha Sejahtera",0
AS150978,"IDNIC-BEKANTANJANTAN-AS-ID CV Bekantan Jantan",3
AS150979,"IDNIC-MITRATOWERUTAMA-AS-ID CV Mitra Tower Utama",2
AS150980,"IDNIC-MENARA-AS-ID PT Menara Digital Salama",5
AS150981,"IDNIC-TSMAI-AS-ID PT Tuntas Selaras Media Akses Indonesia",0
AS150982,"IDNIC-DISKOMINFOKABUPATENKAMPAR-AS-ID Dinas Komunikasi, Informatika dan Persandian Kabupaten Kampar",2
AS150983,"IDNIC-DIGIJIB-AS-ID PT Berkat Dunia Digital Cikande",0
AS150984,"IDNIC-FITRNET-AS-ID PT Fitrah Marina Sukses",2
AS150985,"YADICA-AS-ID PT Yadica Multimedia Nusantara",2
AS150986,"IDNIC-ALTAFOCUSMEDIACENTER-AS-ID PT Altafocus Media Center",2
AS150987,"IDNIC-BANDUNGKAB-AS-ID Dinas Komunikasi, Informatika dan Statistik Kabupaten Bandung",1
AS150988,"IDNIC-NUSANTARASAKTI-AS-ID PT Nusa Surya Ciptadana",1
AS150989,"IDNIC-DMINE-AS-ID PT Media Akses Telematika",4
AS150990,"IDNIC-USINDO-AS-ID PT Usyel Media Net",2
AS150991,"IDNIC-INDOWIPI-AS-ID PT Indowipi Global Network",1
AS150992,"IDNIC-PURADEINASSEJAHTERAH-AS-ID PT Purade Inas Sejahterah",3
AS150993,"IDNIC-AP-TEKNOLOGI-AS-ID PT Angkasa Prima Teknologi",1
AS150994,"IDNIC-ZUBYDIGITALNETWORK-AS-ID PT Zuby Digital Network",1
AS150995,"IDNIC-BINAKARSATURAYA-AS-ID PT Bina Karsa Turaya",2
AS150996,"IDNIC-NTD-AS-ID PT Nusantara Transfer Dana",0
AS150997,"IDNIC-JAKINET-AS-ID PT Jakarta Infrastruktur Propertindo",2
AS150998,"IDNIC-ATMEGATELECOMINDONUSANTARA-AS-ID PT Atmega Telecomindo Nusantara",2
AS150999,"IDNIC-CTP-AS-ID PT Cipta Trimitra Perkasa",3
AS151000,"IDNIC-MAXCLOUD-AS-ID PT Awan Data Indonesia",25
AS151001,"IDNIC-HANTAMO-AS-ID PT Hantamo Web Cepat",1
AS151002,"IDNIC-STITECH-AS-ID PT Slamet Teknologi Indonesia",0
AS151003,"TRIAKSES-ID PT. Tri Akses Nusantara",0
AS151004,"IDNIC-JARINGANPUTRANUSANTARA-AS-ID PT Jaringan Putra Nusantara",3
AS151005,"IDNIC-PAC-AS-ID PT Sarana Pactindo",3
AS151006,"IDNIC-NIMNET-AS-ID PT Nesta Indo Media",7
AS151007,"IDNIC-KABMUARO-AS-ID Dinas Komunikasi dan Informatika Kabupaten Muaro Jambi",1
AS151008,"IDNIC-ONOTEKNOLOGIINDONESIA-AS-ID PT Ono Teknologi Indonesia",0
AS151009,"IDNIC-BITNET-AS-ID PT Bittara Interkoneksi Nusantara",1
AS151010,"IDNIC-MEDIADIGITAL-AS-ID PT Media Digital Indoutama",0
AS151011,"IDNIC-DISKOMINFO-KUTAI-AS-ID Dinas Komunikasi, Informatika, Statistik dan Persandian Kabupaten Kutai Timur",3
AS151012,"IDNIC-BNNET-AS-ID PT Bangun Nusa Network",2
AS151043,"IDNIC-JAGOANSERVER-AS-ID PT Lintas Data Internasional",2
AS151198,"IDNIC-NEXZET-AS-ID PT Nexzet Network Digital",2
AS151356,"IDNIC-BBPPT-ID Balai Besar Pengujian Perangkat Telekomunikasi dan Digital",1
AS151363,"IDNIC-WIFIRAKYAT-ID PT MADUMA DIGITAL NUSANTARA",1
AS151420,"IDNIC-BUKEFIBER-AS-ID PT Alakkon Fiber Indonesia",2
AS151478,"IDNIC-MYBRIDGE-ID PT Industri Quality Internasional",0
AS151502,"IDNIC-DISKOMINFO-KOTIM-AS-ID Dinas Komunikasi dan Informatika Kabupaten Kotawaringin Timur",1
AS151503,"IDNIC-UWAIS-AS-ID PT Uwais Borneo Group",2
AS151504,"IDNIC-MSN-MAMURA-AS-ID CV Mamura Sarana Media",0
AS151505,"IDNIC-INNET-AS-ID PT Iktiar Doa Tawakal",2
AS151506,"IDNIC-WPTECH-AS-ID PT Widjaja Piranti Teknologi",3
AS151507,"IDNIC-AGUNG-AS-ID PT Agung Barokah Network",2
AS151508,"IDNIC-TNT-AS-ID PT Terabyte Network Indonesia",3
AS151509,"IDNIC-DISKOMINFOKOTASOLOK-AS-ID Pemerintah Kota Solok",1
AS151510,"IDNIC-PAS-AS-ID PT Pengkolan Akses Group",1
AS151511,"IDNIC-HULWA-AS-ID PT Hulwa Tjaraka Teknologi",1
AS151512,"IDNIC-JENIUSNET-AS-ID PT Jenius Lintas Nusantara",1
AS151513,"IDNIC-INFOTECH-AS-ID PT Infotech Tantami Nusantara",3
AS151514,"IDNIC-MEDIAGEMILANG-AS-ID PT Santoso Media Gemilang",2
AS151515,"IDNIC-SIER-AS-ID PT Surabaya Industrial Estate Rungkut",1
AS151516,"IDNIC-TAFFETA-AS-ID PT Taffeta Fora Sistem",3
AS151517,"IDNIC-TOPCLASS-AS-ID PT Top Class Universal",1
AS151518,"IDNIC-SMKN22JKT-AS-ID SMK Negeri 22 Jakarta",1
AS151519,"IDNIC-JFI-AS-ID PT Jaringan FIberku Indonesia",2
AS151520,"IDNIC-JARINGANTAYU-AS-ID PT Jaringan Internet Tayu",3
AS151521,"IDNIC-EXABIT-ID PT. EXABIT GROUP NETWORK",5
AS151522,"IDNIC-LINTASDATATRANS-ID PT. LINTAS DATA TRANS",2
AS151523,"IDNIC-SYNCRUM-ID PT. SYNCRUM LOGISTICS",0
AS151524,"IDNIC-SYNCRUM-ID PT. SYNCRUM LOGISTICS",0
AS151525,"IDNIC-GLOBALDATA-ID PT. GLOBAL TRANSMISI DATA",0
AS151526,"IDNIC-ONETERNITY-AS-ID PT One Network Eternity",1
AS151527,"IDNIC-REGIS-ID PT Jaringan Registri Indonesia",2
AS151528,"IDNIC-GETLINK-AS-ID PT Global Abadi Inti Nusantara",1
AS151529,"IDNIC-FIBERONE-AS-ID PT Jaringan Fiberone Indonesia",3
AS151530,"IDNIC-IPAYMU-AS-ID PT Inti Prima Mandiri Utama",0
AS151531,"IDNIC-DATELINDO-AS-ID PT Data Telematika Indonesia",1
AS151532,"IDNIC-IAIN-BONE-AS-ID Institut Agama Islam Negeri Bone",2
AS151533,"IDNIC-OPTIMA-ID PT. Sarana Optima Berdikari",0
AS151534,"IDNIC-FMA-AS-ID PT Fajar Media Abadi",0
AS151535,"IDNIC-BANGKATENGAHKAB-AS-ID Pemerintah Kabupaten Bangka Tengah",0
AS151536,"IDNIC-FELIXNET-AS-ID PT Kahuripan Makmur Sentosa",1
AS151537,"IDNIC-SSS-AS-ID PT Salim Solusi Sejahtera",2
AS151538,"IDNIC-FLASHNETID-AS-ID PT Flashnet Inovasi Teknologi",3
AS151539,"IDNIC-GAZNET-AS-ID PT Gala Dewa Media",0
AS151540,"IDNIC-DIGITALNETCOM-AS-ID PT Digital Netcom Solution",2
AS151541,"IDNIC-UNMUHJEMBER-AS-ID Universitas Muhammadiyah Jember",2
AS151542,"IDNIC-SAFINDO-AS-ID PT Sahabat Fiber Indonesia",3
AS151543,"IDNIC-RSUDTARAKAN-AS-ID Rumah Sakit Umum Daerah Tarakan Jakarta",1
AS151544,"IDNIC-PANDAWANETWORK-AS-ID PDWNet",2
AS151545,"IDNIC-HILALNET-AS-ID PT Qiswah Mulia Alkhoir",2
AS151546,"IDNIC-ASRIGLOBALINVESTAMA-AS-ID PT Asri Global Investama",1
AS151547,"IDNIC-MEGANET-MBPS-AS-ID PT Mitra Bestari Prima Solusi",2
AS151548,"IDNIC-ASNET-AS-ID PT Jaringan Komunikasi Anambas",3
AS151549,"SKS-AS-ID PT Sarana Kawan Setia",3
AS151550,"IDNIC-FMS-AS-ID PT Fasma Multi Solusindo",0
AS151551,"IDNIC-JARTELINDO-AS-ID PT Jaringan Telematika Indonesia",0
AS151552,"IDNIC-THREEGOTECHNOLOGY-AS-ID PT Threego Technology Indonesia",2
AS151553,"IDNIC-LINUSNET-AS-ID PT Koloni Lintas Nusantara",0
AS151554,"IDNIC-PASNET-AS-ID PT Pandawa Abadi Sentosa",2
AS151555,"IDNIC-JALIDAN-AS-ID PT Jawara Lintas Data Nusantara",3
AS151556,"IDNIC-VAF-AS-ID PT Valbury Asia Futures",1
AS151557,"IDNIC-TRIKAMEDIA-AS-ID PT Trika Media Teknologi",0
AS151558,"IDNIC-CITRASAT-AS-ID PT Citra Satelit Pratama",0
AS151559,"IDNIC-MTSINERGI-AS-ID PT Mitra Tera Sinergi",3
AS151560,"IDNIC-MEDIAKERINCI-AS-ID PT Media Kerinci Network",1
AS151561,"IDNIC-ASABRI-AS-ID PT ASABRI",1
AS151562,"IDNIC-UMSU-AS-ID Universitas Muhammadiyah Sumatera Utara",0
AS151563,"IDNIC-MARYGOPS-AS-ID PT Marygops Studio",0
AS151564,"IDNIC-CTEL-AS-ID PT Chuleyevo Telematika Timur Indonesia",0
AS151565,"IDNIC-NOKEN-AS-ID PT Noken Muliatama",1
AS151566,"IDNIC-RJM-AS-ID PT Risky Jaya Multimedia",1
AS151567,"TUNASMEDIADATA-AS-ID PT Tunas Media Data",2
AS151568,"IDNIC-SAMATECH-AS-ID PT Samarata Media Teknologi",0
AS151569,"IDNIC-TMSNET-AS-ID PT Telematika Media Solusi",2
AS151570,"IDNIC-MTNID-AS-ID PT Meta Tekhnologi Nusantara",1
AS151571,"IDNIC-KLIKSPOT-AS-ID PT Klikspot Telekomunikasi Indonesia",2
AS151572,"IDNIC-EVO-AS-ID PT Evolution Karya Lintas Data",3
AS151573,"IDNIC-KCIC-AS-ID PT Kereta Cepat Indonesia China",1
AS151574,"IDNIC-KDI-CORENET-AS-ID PT Korina Data Indonesia",0
AS151575,"IDNIC-JELAJAHID-AS-ID PT Jelajah Kreasi Informatika",3
AS151576,"IDNIC-DNS-NET-AS-ID PT Mahawira Nusantara Grup",6
AS151577,"IDNIC-GEKANET-AS-ID PT Geka Solusi Utama",2
AS151578,"IDNIC-DISKOMINFOTIKMERANTI-AS-ID Dinas Komunikasi Informatika Statistik dan Persandian Kabupaten Kepulauan Meranti",1
AS151579,"IDNIC-SENTRADATA-AS-ID PT Multimedia Data Sentra",4
AS151580,"IDNIC-BUMIMULTIPERKASA-AS-ID PT Bumi Multi Perkasa",1
AS151581,"IDNIC-POWERNET-AS-ID PT Power Networking Indonesia",1
AS151582,"IDNIC-DNSOLUSINDO-AS-ID PT Dream Network Solusindo",4
AS151583,"IDNIC-SGM-AS-ID PT Satelit Global Media",2
AS151584,"IDNIC-HALLONET-AS-ID PT Indodata Solusi Persada",4
AS151585,"WIFA-AS-ID PT Wifa Lintas Data",3
AS151586,"BIMESTA-AS-ID PT Bintang Semesta Telematika",0
AS151587,"IDNIC-DISNET-AS-ID PT Datu Digital Swatama",1
AS151588,"IDNIC-ANALOGI-AS-ID PT Arjuna Lancar Teknologi",4
AS151589,"PRIMAVISION-AS-ID PT Citra Prima Media",2
AS151590,"IDNIC-PANDAWAGLOBAL-AS-ID PT Pandawa Global Telematika",2
AS151591,"IDNIC-CAKRANET-AS-ID PT Cakra Techno Gemilang",2
AS151592,"IDNIC-AWANDATA-AS-ID PT Awan Data Teknologi",7
AS151593,"IDNIC-JAMIDA-AS-ID PT Jaringan Mitra Data",1
AS151594,"IDNIC-POLTEKBANGSBY-AS-ID Politeknik Penerbangan Surabaya",1
AS151595,"IDNIC-MERDEKANET-AS-ID PT Merdeka Media Teknologi",2
AS151596,"IDNIC-BANKNAGARI-AS-ID PT Bank Nagari",1
AS151597,"IDNIC-VALMICH-AS-ID PT Valmich Hosting Indonesia",0
AS151598,"IDNIC-METAAKSES-AS-ID PT Meta Akses Indonesia",1
AS151599,"IDNIC-BENETINDO-AS-ID PT Bintang Elektronik Netindo",2
AS151600,"IDNIC-INDANA-AS-ID PT Inti Data Guna",5
AS151601,"IDNIC-BORNEOINOVASIGEMILANG-AS-ID PT Borneo Inovasi Gemilang",1
AS151655,"IDNIC-WBMSOLUTION-ID PT WBM NETWORK SOLUTION",0
AS151849,"IDNIC-INSPIRASIXTRA-ID PT Inspirasi Internet Xtra",0
AS151991,"IDNIC-SWN-AS-ID PT SWIN",4
AS151992,"IDNIC-JCN-AS-ID PT Jet Cyber Network Nusantara",2
AS151993,"IDNIC-WGN-AS-ID PT Wifian Global Nusantara",3
AS151994,"IDNIC-PULLNET-AS-ID PT Ranjaya Putra Teknik",2
AS151995,"IDNIC-WIFIPEDIA-AS-ID PT Wifipedia Sinergi Telematika",3
AS151996,"IDNIC-CLARANET-AS-ID PT Clara Network Engineer",1
AS151997,"IDNIC-PELITADATANETINDO-AS-ID PT Pelita Data Net Indo",0
AS151998,"IDNIC-HMI-AS-ID PT Halim Mitradana Internasional",1
AS151999,"IDNIC-AMG-AS-ID PT Aris Media Globalindo",3
AS152000,"IDNIC-CITRATEL-AS-ID PT Jaringan Citra Mandiri",2
AS152001,"IDNIC-KOMUNIKASIPROFESIONAL-AS-ID PT Komunikasi Profesional Indonesia",3
AS152002,"IDNIC-MPM-AS-ID PT Megah Putra Mandar",0
AS152003,"IDNIC-CALM-AS-ID PT Citra Angkasa Lintas Media",3
AS152004,"IDNIC-TUJUHFONDASI-AS-ID PT Tujuh Fondasi Teknologi",2
AS152005,"SOULTAN-AS-ID PT Soultan Network Indonesia",3
AS152006,"IDNIC-CIRILL-AS-ID PT Cirill Indonesia",0
AS152007,"DVO-ID PT. Dunia Virtual Online",0
AS152008,"IDNIC-LINK77-AS-ID PT Link Tujuh Seven",3
AS152009,"IDNIC-GLOBALKONEKSI-AS-ID PT Global Koneksi Investama",2
AS152010,"IDNIC-PARIMAS-AS-ID PT Parimas Hicindo Sentosa",2
AS152011,"IDNIC-GENTING-AS-ID PT Generasi Timor Nata Gayuh",1
AS152012,"NARANET-ID PT Nala Akses Nusantara",3
AS152013,"IDNIC-ZAMBILIZ-ID PT Tiga Putra Zambiliz",1
AS152014,"IDNIC-MITRAKITA-ID PT. Mitra Kita Brilian",3
AS152015,"IDNIC-DCS-AS-ID PT Radio Dutacakrawala Serasi",0
AS152016,"IDNIC-STIPJKT-AS-ID Sekolah Tinggi Ilmu Pelayaran Jakarta",1
AS152017,"IDNIC-DIGTELTECH-AS-ID PT Digtel Tech Solutions",2
AS152018,"IDNIC-MTD-AS-ID PT Multimedia Trans Data",1
AS152019,"IDNIC-J99CORP-AS-ID PT Juragan Sembilan Sembilan Corp",2
AS152020,"IDNIC-KTGNET-AS-ID PT Kotanet Jaringan Telekomunikasi",3
AS152021,"JABIKHA-AS-ID PT Jabikha Teknologi Indonesia",0
AS152022,"IDNIC-NETSPEED-AS-ID PT Netspeed Broadband Indonesia",3
AS152023,"IDNIC-GELAMNET-AS-ID PT Gelam Net Solusi",3
AS152024,"IDNIC-EDTNET-AS-ID PT EDT Internet Solusi Indonesia",1
AS152025,"IDNIC-TLB-AS-ID PT Tungkal Lintas Bersama",3
AS152026,"IDNIC-ANTEN-AS-ID PT Anten Sarana Teknologi",1
AS152027,"IDNIC-BCONN-AS-ID Bconn",3
AS152028,"IDNIC-ARDEI-AS-ID PT Ardei Gatra Mayantara",1
AS152029,"IDNIC-ANDROMEGA-AS-ID PT Andromega Data Nusantara",3
AS152030,"IDNIC-BRINS-AS-ID PT BRI Asuransi Indonesia",0
AS152031,"NARATEL-ID PT Naraya Telematika",0
AS152032,"IDNIC-DINETKAN-AS-ID PT Putra Garsel Interkoneksi",13
AS152033,"IDNIC-MANTRANET-AS-ID PT Mandari Teknologi Nusantara",1
AS152034,"IDNIC-LJM-AS-ID PT Lintas Jaringan Mandiri",2
AS152035,"IDNIC-KKP-AS-ID PUSDATIN KKP",0
AS152036,"IDNIC-PPIMADIUN-AS-ID Politeknik Perkeretaapian Indonesia Madiun",4
AS152037,"IDNIC-DATANETSOLUSI-AS-ID PT Datanet Solusi Makmur Berkah",3
AS152038,"IDNIC-KILAS7-AS-ID PT Info Panorama Televisi",0
AS152039,"IDNIC-BATAMSINERGINET-AS-ID PT Batam Sinergi Net",2
AS152040,"IDNIC-BAST-ID PT Barokah Abadi Sukses Teknologi",2
AS152041,"KAHAJA-ID PT. KARYA HASTA JAYA",2
AS152042,"EQUATRA-ID PT Equatra Indonesia",1
AS152043,"IDNIC-HSN-ID PT HSN Global Network",0
AS152044,"IDNIC-DISKOMINFO-BNA-AS-ID Pemerintah Kota Banda Aceh",1
AS152045,"IDNIC-PNT-AS-ID PT Petabyte Network Indonesia",1
AS152046,"IDNIC-HERZANETID-AS-ID PT Herza Internet Indonesia",0
AS152047,"IDNIC-SAMUDRATIMUR-AS-ID PT Samudra Timur Mandiri",0
AS152048,"IDNIC-RIDHONET-AS-ID PT Reueus Sumber Data",1
AS152049,"IDNIC-ICONMEDIA-AS-ID PT Iconmedia Nusantara Abadi",3
AS152050,"IDNIC-ERAINTERNET-AS-ID PT Era Zia Sakti",2
AS152051,"IDNIC-AIMS-AS-ID PT Adi Inti Mandiri Solusi",0
AS152052,"IDNIC-ARSAWORK-AS-ID PT Arsa Work Indonesia",3
AS152053,"IDNIC-BTSCYBER-AS-ID PT Bintang Tujuh Sinergi",2
AS152054,"IDNIC-A2NET-AS-ID PT Mahato Lintas Buana",2
AS152055,"IDNIC-MONSADATA-AS-ID PT Monsadata Nuansa Teknologi",3
AS152056,"IDNIC-SGU-AS-ID PT Sangkakala Gema Utama",3
AS152057,"IDNIC-DINOKI-AS-ID PT Dinoki Wayae Yoshe",4
AS152058,"IDNIC-JSNMALANG-AS-ID PT Jaringanku Sarana Nusantara Malang",0
AS152059,"IDNIC-BRAGANETWORK-AS-ID CV Brawijaya Giga Network",4
AS152060,"IDNIC-SBLNET-AS-ID PT Surya Bestari Lestari",2
AS152061,"IDNIC-MYMERAK-AS-ID PT Merak Lintas Nusantara",1
AS152062,"IDNIC-UNIVPERADABAN-AS-ID Universitas Peradaban",1
AS152063,"IDNIC-SDC-AS-ID ILIX Indonesia Local Exchange",0
AS152064,"IDNIC-M3NET-AS-ID PT Mitratama Mahadirga Makmur",1
AS152065,"IDNIC-METANETWORKS-ID PT. META DIGITAL LINK",0
AS152066,"IDNIC-NIM-UMJ-AS-ID PT Nawal Informasi Media",3
AS152067,"IDNIC-JTS-AS-ID PT Jaringan Teman Sejati",0
AS152068,"IDNIC-UNIMAR-AS-ID Universitas Muhammadiyah A.R. Fachruddin",1
AS152069,"IDNIC-NSC-AS-ID PT Nusantara Star Connect",6
AS152070,"IDNIC-FASINDOMULTIMEDIA-ID PT Fasindo Multimedia",1
AS152071,"IDNIC-PACUNET-AS-ID PT Jalur Net Infotek",2
AS152072,"IDNIC-MAMUJUTENGAHKAB-AS-ID Pemerintah Kabupaten Mamuju Tengah",1
AS152073,"IDNIC-METAN-AS-ID PT Media Balai Nusa",5
AS152074,"IDNIC-DISKOMINFOSTAPER-PASER-AS-ID Dinas Komunikasi Informatika Statistik dan Persandian Kabupaten Paser",1
AS152075,"IDNIC-UNSIKA-AS-ID Universitas Singaperbangsa Karawang",2
AS152076,"IDNIC-BAKAMLA-AS-ID Badan Keamanan Laut RI",1
AS152077,"RINGNET-AS-ID PT Ring Media Nusantara",0
AS152078,"IDNIC-RSUBAYA-AS-ID PT Keluwih Medika Surabaya",3
AS152079,"IDNIC-METATELEKOMUNIKASIASIA-AS-ID PT Meta Telekomunikasi Asia",2
AS152080,"IDNIC-FIXYSINERGI-AS-ID PT Fixy Sinergi Nusantara",3
AS152081,"IDNIC-ZINET-AS-ID PT Zinet Media Nusantara",2
AS152082,"INFONUSANET-AS-ID PT Infonusa Teknologi Telekomunikasi Nusantara",3
AS152083,"IDNIC-CIAMISKAB-AS-ID Dinas Komunikasi dan Informatika Kabupaten Ciamis",1
AS152084,"IDNIC-IZZINET-AS-ID PT Izzinet Metro Multimedia",3
AS152085,"IDNIC-GNT-AS-ID PT Global Network Tapanuli",1
AS152086,"IDNIC-PNGWIFI-AS-ID PT Ponorogo Wifi Nusantara",2
AS152087,"IDNIC-MCN-AS-ID PT Mega Cipta Netindo",3
AS152088,"IDNIC-UNISNU-AS-ID Universitas Islam Nahdlatul Ulama Jepara",1
AS152089,"IDNIC-SINGKINET-AS-ID PT Singki Media Telekomunikasi",3
AS152090,"IDNIC-MIMONET-AS-ID PT Mimo Lingkar Nusantara",0
AS152100,"IDNIC-BANKSINARMAS-ID PT BANK SINARMAS TBK",0
AS152344,"IDNIC-LINEA-AS-ID PT Linea Global Teknologi",3
AS152345,"IDNIC-KISNET-AS-ID PT Krui Internet Solution",2
AS152346,"IDNIC-PNMNET-AS-ID PT Persegi Nusa Media",1
AS152347,"IDNIC-POLNEP-AS-ID Politeknik Negeri Pontianak",1
AS152348,"IDNIC-WHUSH-AS-ID PT Internet Tjepat Indonesia",1
AS152349,"IDNIC-MNINET-AS-ID PT Majapahit Network Indonesia",1
AS152350,"IDNIC-UNHAN-AS-ID Universitas Pertahanan Republik Indonesia",1
AS152351,"IDNIC-MITRACLOUD-AS-ID PT. MITRA SINERGI JAYAABADI",3
AS152352,"IDNIC-NETMEDIA-DEXANO-AS-ID PT Dexano Ryu Fusena",4
AS152353,"IDNIC-HANANNET-AS-ID PT Hanan Media Solution",1
AS152354,"IDNIC-CEMITEL-AS-ID PT Centra Mitra Telematika",1
AS152355,"IDNIC-MALANGKAB-AS-ID Dinas Komunikasi dan Informatika Kabupaten Malang",2
AS152356,"IDNIC-SOFTNET-AS-ID PT Softnet Cyber Europe",1
AS152357,"IDNIC-5GLOBAL-AS-ID PT Lima Global Networkindo",0
AS152358,"IDNIC-THRIVE-AS-ID PT Gema Teknologi Cahaya Gemilang",1
AS152359,"IDNIC-RISTEK-AS-ID PT Rajawali Prisma Teknologi",1
AS152360,"IDNIC-KABTOBA-AS-ID Dinas Komunikasi dan Informatika Kabupaten Toba",0
AS152361,"IDNIC-TRISARI-AS-ID PT Trisari Data Indonesia",0
AS152362,"IDNIC-MICRO-AS-ID PT Media Citra Komunikasi",0
AS152363,"IDNIC-8BIT-AS-ID PT Delapan Broadband Intermedia",3
AS152364,"IDNIC-KABTEBO-AS-ID Dinas Komunikasi dan Informatika Kabupaten Tebo",1
AS152365,"IDNIC-PAPUABARATDAYAPROV-AS-ID Dinas Komunikasi Informatika Statistik dan Persandian Provinsi Papua Barat Daya",2
AS152366,"IDNIC-JSNPATI-AS-ID PT Jaringanku Sarana Nusantara Pati",0
AS152367,"IDNIC-BOXNETMEDIA-AS-ID PT Box Net Media",2
AS152368,"IDNIC-JEJARINGBERSAMA-AS-ID PT Perwira Pedjoeang Nusantara",2
AS152369,"IDNIC-HEBIT-ID PT. AKSES GENERASI CERDAS",2
AS152370,"IDNIC-BTB-ID Balai Teknik Bendungan",1
AS152371,"IDNIC-RAJATICAPITAL-AS-ID PT Rajati Alia Kapital",0
AS152372,"IDNIC-INFRANET-AS-ID PT Trias Infra Sarana",2
AS152373,"IDNIC-AMAN-AS-ID PT Anugerah Media Data Nusantara",6
AS152374,"IDNIC-PAMBDG-AS-ID Perumda Tirtawening Kota Bandung",1
AS152375,"IDNIC-CYNETINDO-AS-ID PT Cynet Indonesia Networks",2
AS152376,"IDNIC-IONET-ID PT. INDOTEK SOLUTION NETWORK",2
AS152377,"IDNIC-TRITAMA-AS-ID PT Trimitra Aditama Koneksindo",14
AS152378,"IDNIC-MIMNET-AS-ID PT Mega Informasi Multimedia",0
AS152379,"IDNIC-FIBERINDOTELCOPERSADA-AS-ID PT Fiberindo Telco Persada",1
AS152380,"IDNIC-JEFFNETWORK-AS-ID PT Jeff Network Nusantara",2
AS152381,"IDNIC-ANDIRANET-AS-ID PT Andira Sultra Multimedia",0
AS152382,"IDNIC-KSN-AS-ID PT Kartika Siger Network",2
AS152383,"IDNIC-MITRATELEKOMUNIKASINUSANTARA-AS-ID PT Mitra Telekomunikasi Nusantara",2
AS152384,"IDNIC-DIGINESIA-AS-ID PT Digitama Network Indonesia",2
AS152385,"IDNIC-BIASNET-AS-ID PT Bias Telemedia Sinergi",1
AS152386,"IDNIC-EMPATDATALINK-AS-ID PT Empat Data Link",1
AS152387,"IDNIC-RPR-AS-ID Rumah Sakit Panti Rapih",1
AS152388,"IDNIC-SKN-AS-ID PT Sinyal Khatulistiwa Network",2
AS152389,"IDNIC-KAFGROUP-AS-ID PT Kaf Tour Travel",0
AS152390,"IDNIC-INTERCLOUD-AS-ID PT Intercloud Digital Inovasi",1
AS152391,"SHEEPNET-AS-ID PT Sheep Network Teknologi",3
AS152392,"IDNIC-BJN-AS-ID PT Bakung Jaya Network",3
AS152393,"IDNIC-GAISAR-AS-ID PT Gaisar Teknologi Bersama",3
AS152394,"IDNIC-ATT-AS-ID PT Arta Teletama Teknologi",4
AS152395,"IDNIC-GIGNETWORK-AS-ID PT Giga Global Network",4
AS152396,"IDNIC-ATT-AS-ID PT Visioner Maju Bersama",3
AS152397,"IDNIC-NIP-AS-ID Nex+",3
AS152398,"IDNIC-EKARTA-AS-ID PT Ekarta Java Buana",0
AS152399,"IDNIC-MTARGET-AS-ID PT Target Sukses Sinergi",0
AS152400,"Indonesia Network Information Center [IDNIC]",0
AS152401,"IDNIC-AMD-AS-ID PT Airlink Media Data",2
AS152402,"IDNIC-MEDIALINKCORP-AS-ID PT Media Link Corp",1
AS152403,"IDNIC-CMN-AS-ID PT Central Mediatama Network",2
AS152404,"NUSANET-AS-ID PT Media Antar Nusa",0
AS152405,"IDNIC-KIFFA-AS-ID CV Kiffa Teknologi",0
AS152406,"IDNIC-NETGPUSAT-AS-ID PT Griya Akses Teknologi",3
AS152407,"IDNIC-NETFINITY-AS-ID PT Netfinity Network Indonesia",4
AS152408,"IDNIC-SERTIKON-AS-ID PT Serasi Sakti Properti",0
AS152409,"IDNIC-SME-AS-ID PT Smart Milenium Effisiensi",2
AS152410,"IDNIC-AT-IN-AS-ID PT Asterix Inovasi Teknologi",2
AS152411,"IDNIC-SEMAR-AS-ID PT Ismaya Djati Nuswantara",4
AS152412,"IDNIC-QELOPAK-AS-ID PT Qelopak Teknologi Indonesia",2
AS152413,"IDNIC-ANDARANUSANTARA-AS-ID PT Sapta Andara Nusantara",1
AS152414,"IDNIC-VICTORIACCESS-AS-ID PT Pelita Akses Teknologi",2
AS152415,"IDNIC-UNIB-AS-ID Universitas Bengkulu",3
AS152416,"IDNIC-BOSTI-AS-ID PT Barokah Sistem Telematika",3
AS152417,"IDNIC-ARTHAPRIMA-AS-ID PT Arthaprima Mandiri Persada",3
AS152418,"IDNIC-LITEN-AS-ID PT Lingga Telekomunikasi Nusantara",1
AS152419,"IDNIC-BERBAURWIFI-AS-ID PT Berbaur Network Connected",2
AS152420,"IDNIC-BTS-AS-ID PT Bintang Timur Snet",0
AS152421,"IDNIC-FIBERLINK-AS-ID PT Fiberlink Technology Indonesia",2
AS152422,"IDNIC-LAMONGANKAB-AS-ID Dinas Komunikasi dan Informatika Kabupaten Lamongan",2
AS152423,"IDNIC-SINSUNETWORK-AS-ID PT Sindoro Sumbing Network Solution",3
AS152424,"IDNIC-ERA-AS-ID PT Desible Eradata Komunikasi",2
AS152425,"IDNIC-MURIAGLOBAL-AS-ID PT Muria Global Network",2
AS152426,"IDNIC-NAI-AS-ID PT Nawasena Andalan Indonesia",4
AS152427,"IDNIC-UNIPMA-AS-ID Universitas PGRI Madiun",1
AS152428,"IDNIC-LIM-AS-ID PT Lintas Indotel Mandiri",0
AS152429,"IDNIC-ERNID-AS-ID PT Era Network Indonesia",2
AS152430,"IDNIC-CITRAMETADATA-AS-ID PT Citra Meta Data",1
AS152431,"IDNIC-ANNURNETWORK-AS-ID PT Media Annur Nusantara",0
AS152432,"IDNIC-WEEGOO-AS-ID PT Sinergi Innovate Pratama",2
AS152433,"IDNIC-KLIKSERVERID-AS-ID CV Klik Server Indonesia",1
AS152434,"IDNIC-RWIFI-AS-ID PT Ramadhan Frekuensi Wifi",0
AS152435,"IDNIC-KONNEK-AS-ID PT Konnek Jaya Bersama",4
AS152436,"IDNIC-ERATELINDO-AS-ID PT Erajaya Telco Indonesia",5
AS152437,"IDNIC-BOSNET-AS-ID PT Berlian Optical Solution",1
AS152438,"IDNIC-BTELIN-ID PT BARAYA TELEKOMUNIKASI INDONESIA",3
AS152439,"IDNIC-APPLEWIFI-AS-ID PT Applewifi Selalu Lancar",1
AS152440,"IDNIC-ASHYLANET-AS-ID PT Ashyla Karya Abadi",5
AS152441,"IDNIC-SNM-AS-ID PT Space Network Mediatama",2
AS152442,"IDNIC-ERKAFIBER-ID PT Erka Jaringan Utama",3
AS152443,"IDNIC-MENAKSOPALLINTAS-AS-ID CV Menaksopal Lintas Nusantara",0
AS152630,"IDNIC-RAJABI-ID PT RAJABI NETWORK SARABAKAWA",1
AS152679,"IDNIC-MUSTIKAMENGGALA-ID PT Mustika Samudra Kharisma Nusantara",2
AS152717,"IDNIC-ALLNET-ID PT ALLNETWORK DIGITAL INDONESIA",3
AS152722,"IDNIC-POLTEKPELBANTEN-ID POLITEKNIK PELAYARAN BANTEN",1
AS152743,"IDNIC-IAIN-PONTIANAK-AS-ID Institut Agama Islam Negeri Pontianak",0
AS152744,"IDNIC-RAPINDO-AS-ID PT Rapi Utama Indonesia",1
AS152745,"IDNIC-RAKANPONSEL-AS-ID CV Rakan Ponsel",1
AS152746,"IDNIC-UNISAYOGYA-AS-ID Universitas Aisyiyah Yogyakarta",1
AS152747,"IDNIC-NSCONNECTED-AS-ID PT Nusantara Satulink Connected",1
AS152748,"IDNIC-METAMEDIA-AS-ID Universitas Metamedia",0
AS152749,"IDNIC-WINARTHA-AS-ID PT Win Artha Mandiri",4
AS152750,"IDNIC-MPP-AS-ID PT Majoe Praka Perkasa",0
AS152751,"IDNIC-LNN-AS-ID PT Lumajang Network Nusantara",0
AS152752,"IDNIC-SMINET-AS-ID PT Sarana Media Integrasi",0
AS152753,"IDNIC-HAAYNET-AS-ID PT Phainan Jaya Utama",1
AS152754,"IDNIC-CRONNETWORK-ID CV CRON INTERDATA NUSANTARA",2
AS152755,"NTTINDONESIA-NET-AS-ID PT NTT Indonesia",0
AS152756,"IDNIC-JUOS-AS-ID PT Jaringan Universal Online Solusindo",4
AS152757,"IDNIC-DHAHAPRIMA-AS-ID PT DHAHA PRIMA NET",4
AS152758,"ADILINKINA-AS-ID PT AKSES DATA INDORAYA",4
AS152759,"IDNIC-VIRUZS-AS-ID PT Viruzs Global Connection",2
AS152760,"IDNIC-BMNET-AS-ID PT Bahar Mitra Net",1
AS152761,"IDNIC-ARRABNETWORK-ID PT AJI RAFASYA ROSO ANTENG BERKAH",3
AS152762,"IDNIC-ARMUDA-ID PT TELSAR JAYA NETWORK TEKNOLOGY",3
AS152763,"IDNIC-MKANET-ID PT MULTI KARUNIA ANUGERAH",1
AS152764,"IDNIC-CIIID-ID PT CEMERLANG INTERNET INDONESIA",2
AS152765,"IDNIC-HST-AS-ID PT Haykal Solutions Technology",2
AS152766,"IDNIC-BTE-AS-ID PT Borneo Teknologi Edukasi",0
AS152767,"IDNIC-SAMUDRANET-ID PT SAMUDRA DIGITAL NETWORK",2
AS152768,"IDNIC-TIGAPILARBANUA-AS-ID PT Tiga Pilar Banua",2
AS152769,"IDNIC-GOPALNET-AS-ID PT Gopal Network Solusindo",10
AS152770,"IDNIC-DIGITAMASUPERLINK-AS-ID PT Indotech Digitama Superlink",4
AS152771,"IDNIC-MEDIA99-AS-ID PT Media Sembilan Sembilan Indonesia",1
AS152772,"IDNIC-AWANPINTAR-AS-ID PT Prosperita Sistem Indonesia",2
AS152773,"IDNIC-CHIABINET-AS-ID PT Chiabinet Jaringan Multimedia",1
AS152774,"IDNIC-OMNIDC-AS-ID PT Omni Data Center Indonesia",0
AS152775,"IDNIC-TASKANET-AS-ID PT Taska Sarana Nusantara",2
AS152776,"IDNIC-DSM-AS-ID PT Distribusi Sukses Mandiri",1
AS152777,"IDNIC-RUNNET-AS-ID PT Runnet Media Utama",2
AS152778,"IDNIC-CVBINTEK-AS-ID CV Bintang Indo Teknologi",0
AS152779,"IDNIC-DSI-AS-ID PT Delta Solusi Internet",1
AS152780,"IDNIC-MAYNET-ID PT SOLUSI ANDALAN KITA",5
AS152781,"IDNIC-BURAQNET-ID PT Buraq Telekomunikasi Indonesia",2
AS152782,"IDNIC-ATLINDO-ID PT ATLAS LINTAS INDONESIA",2
AS152783,"IDNIC-ASTIDIGITAL-ID PT ASTI DIGITAL INDONESIA",1
AS152784,"IDNIC-TAMAGROUP-ID PT INVESTAMA BERKAH GROUP",0
AS152785,"IDNIC-KREATIFNET-AS-ID PT Kreatif Data Prima Nusantara",1
AS152786,"IDNIC-AZZALEANET-AS-ID PT Azzalea Media Network",0
AS152787,"IDNIC-CYBEREVO-AS-ID PT Jaringan Cyber Evo",3
AS152788,"IDNIC-ALTECHSISTEMINDONESIA-AS-ID PT Altech Sistem Indonesia",1
AS152789,"IDNIC-GALAXYNET-AS-ID PT Galaxy Network Mediatama",1
AS152790,"IDNIC-ARUNIVEST-AS-ID CV Arunika Investama",2
AS152791,"IDNIC-DHARMANET-AS-ID PT Sinar Dharma Wijaya",1
AS152792,"IDNIC-PKR-AS-ID Politeknik Kesehatan Riau",0
AS152793,"IDNIC-FASNET-AS-ID PT Fasnet Sky Fiber",0
AS152794,"IDNIC-NET4MEDIA-AS-ID PT Net Patmedia Krama",3
AS152795,"IDNIC-JENDELATRANSFER-AS-ID PT Jendela Transfer Dunia",2
AS152796,"IDNIC-SLI-AS-ID PT Satu Lima Indonesia",2
AS152797,"HYPERTECH-AS-ID PT Global Media Integra",3
AS152798,"IDNIC-AUFA-AS-ID PT Aufa Berkah Media",2
AS152799,"IDNIC-WARPIKNET-AS-ID PT Warpik Solusi Internet",2
AS152800,"IDNIC-GIGAMEDIANET-AS-ID PT Giga Media Internet",2
AS152801,"BRONETWORKS-AS-ID PT Bintang Networks Solusindo",3
AS152802,"IDNIC-SDNET-AS-ID PT Sarana Digital Network",2
AS152803,"IDNIC-CSGARNET-AS-ID PT SSA Amanah Garahang",1
AS152804,"IDNIC-GRIYANET-AS-ID PT Griya Telko Nusantara",1
AS152805,"IDNIC-GEMAACCESS-AS-ID PT Sumber Kreasi Usaha",1
AS152806,"IDNIC-SINARTECH-AS-ID PT Sinar Technology Jaya",4
AS152807,"IDNIC-MJRNET-AS-ID PT Mojoroto Netmedia Solution",0
AS152808,"IDNIC-JAMKRIDAJABAR-AS-ID PT Jamkrida Jabar",1
AS152809,"IDNIC-SUNEOARSYADRAEN-AS-ID PT Suneo Arsyad Raen",1
AS152810,"IDNIC-GSNET-ID PT GALAXY SINERGI NETWORK",3
AS152811,"IDNIC-STNET-ID PT SUMATERA TEKNOLOGI NETWORK",2
AS152812,"IDNIC-MIDNET-AS-ID PT Mitra Indo Data",0
AS152813,"IDNIC-LJU-AS-ID PT Lampung Jasa Utama Perseroda",0
AS152814,"IDNIC-MAHARDIKA-AS-ID CV Mahardika Telematika",0
AS152815,"IDNIC-LDATA-AS-ID PT Lintas Data Kita",2
AS152816,"IDNIC-JANSAE-AS-ID PT Takalink Access Indonesia",2
AS152817,"IDNIC-MAXILINE-AS-ID PT Manunggal Sistem Sejahtera",1
AS152818,"IDNIC-MDM-AS-ID PT Marta Dwi Manunggal",1
AS152819,"IDNIC-PINNET-AS-ID PT Pulau Indah Nettwork",0
AS152820,"IDNIC-KALTIMNET-AS-ID PT Kaltim Net Nusantara",2
AS152821,"IDNIC-CMEDIACV-AS-ID CV CMedia Nusantara",0
AS152822,"IDNIC-BIFIMERAH-AS-ID PT Bifimerah Network Solution",1
AS152823,"IDNIC-N3NAURA-AS-ID PT Naura Network Nusantara",1
AS152824,"IDNIC-ALDIYANET-AS-ID PT Aldiyanur Mahakam Telemedia",2
AS152825,"IDNIC-TABISNET-AS-ID PT Teradata Bintang Selaras",3
AS152826,"IDNIC-AIIRANET-AS-ID PT Aiira Media Solution",2
AS152827,"IDNIC-SMARTNETWORK-AS-ID PT Smartlink Teknologi Indonesia",2
AS152828,"IDNIC-GLOBALAKSES-AS-ID PT Global Akses Internusa",3
AS152829,"IDNIC-TERANET-AS-ID PT Intercon Fiber Optic",4
AS152830,"IDNIC-EXATEL-AS-ID PT Elemen Jaringan Nusantara",4
AS152831,"IDNIC-PANDAY-ID PT AURORA SENTRAL INFORMATIKA",2
AS152832,"IDNIC-MAXLINKDP-ID PT MAXLINK DATA PRIMA INDONESIA",4
AS152833,"IDNIC-TCN-AS-ID PT Tuxsindo Cyber Networks",2
AS152834,"IDNIC-BENERMERIAHKAB-AS-ID Dinas Komunikasi dan Informatika Kabupaten Bener Meriah",0
AS152835,"IDNIC-3MEDIASOLUSI-AS-ID PT Tiga Media Solusi",3
AS152836,"IDNIC-GOHOMENET-AS-ID PT Ganesha Data Nusantara",1
AS152837,"IDNIC-METTANET-ID PT METTA UNIVERSAL NETWORK",2
AS152838,"IDNIC-RAJAFIBER-ID PT RAJA FIBER INDONESIA",0
AS152839,"IDNIC-SEEPLUSNET-AS-ID PT Seeplus Media Transformasi",3
AS152840,"IDNIC-BI-NET-AS-ID PT Bening Artha Lintas Data",2
AS152841,"IDNIC-LINTASMEDIASOLUSINDO-AS-ID PT Lintas Media Solusindo",2
AS152842,"IDNIC-GESANGTEL-AS-ID PT Gesang Jaya Telekomunikasi",2
AS152846,"IDNIC-KHALIFI-ID PT Khalifi Utama Multi Core",0
AS152881,"IDNIC-RMPNET-ID PT RMP JAYA LESTARI",0
AS153052,"IDNIC-JCOM-AS-ID CV Jaya Computindo",0
AS153059,"IDNIC-ADATANET-AS-ID PT Akses Datatrans Indonesia",3
AS153060,"IDNIC-NARADIGITAL-AS-ID PT Nara Borneo Pratama",2
AS153061,"IDNIC-TIS-SOLUTIONS-AS-ID PT Tekno Infrastruktur Sukses",1
AS153062,"IDNIC-SULBARNET-AS-ID PT Sulbar Layanan Internet",2
AS153063,"IDNIC-JNT-AS-ID PT Juara Network Tegal",2
AS153064,"IDNIC-SHSNETWORK-AS-ID PT Shs Solusindo Network",2
AS153065,"IDNIC-WRK-AS-ID PT Wiharya Reksa Karya",1
AS153066,"IDNIC-SANI-AS-ID CV Sani Bisono",0
AS153067,"IDNIC-CELEBESMULTINET-AS-ID PT Celebes Multi Network",1
AS153068,"NGX-AS-NET Nusantara Global Exchange",2
AS153069,"IDNIC-AKJINDO-AS-ID PT Akses Jaringan Indonesia",1
AS153070,"IDNIC-MAINWIFI-AS-ID PT Karangmukti Global Netmedia",1
AS153071,"IDNIC-CLOUDLINK-AS-ID PT Cloudlink Ardtech Indonesia",2
AS153072,"IDNIC-SMS-ID PT Sisnet Mitra Sejahtera",0
AS153073,"IDNIC-KANALTELU-ID PT KANAL TELU MULTITEKNOLOGI",4
AS153074,"IDNIC-JANUTELIND-ID PT JANUTELINDO SEJAHTERA NUSANTARA",1
AS153075,"IDNIC-BPJSKESEHATAN-ID BPJS KESEHATAN",3
AS153076,"IDNIC-ANTSAN-ID PT SAVINDA ANTAR NUSANTARA",1
AS153077,"IDNIC-CAN-ID PT Citra Akses Nusantara",3
AS153078,"IDNIC-GMN-AS-ID PT Global Menara Network",2
AS153079,"IDNIC-CJA-AS-ID PT Citra Jaya Adiwangsa",2
AS153080,"IDNIC-MMI-AS-ID PT Maju Manufaktur Indonesia",0
AS153081,"IDNI-SAI-AS-ID PT Semua Apikasi Indonesia",2
AS153082,"IDNIC-TERMINAL-AS-ID PT Terminal Kreasi Nusantara",0
AS153083,"IDNIC-ATB-AS-ID PT Awan Tiga Bintang",2
AS153084,"IDNIC-GHADHENET-AS-ID PT Ghadhe Akses Mandiri",2
AS153085,"IDNIC-BSD-AS-ID PT Berkah Setia Digital",1
AS153086,"IDNIC-SENTRALNET-AS-ID PT Multi Media Sentral",2
AS153087,"TPN-AS-ID PT Telemedia Prima Nusantara",14
AS153088,"IDNIC-NOSINDO-AS-ID PT Network Operation Solusindo",1
AS153089,"IDNIC-DAFNET-AS-ID PT Dafnet Media Gemilang",0
AS153090,"Indonesia Network Information Center [IDNIC]",0
AS153091,"IDNIC-BERKAHID-ID PT Berkah Jaringan Nusantara",1
AS153092,"IDNIC-RDS-AS-ID PT Redi Revolusi Digital Solusi",3
AS153093,"SURYANET-AS-ID PT Surya Network Connection",2
AS153094,"IDNIC-BERKAHID-AS-ID PT Berkah Jaringan Nusantara",0
AS153095,"IDNIC-SPB-AS-ID PT Syahtelindo Putra Bangsa",0
AS153096,"IDNIC-HSCNET-AS-ID PT High Speed Connection Network",3
AS153097,"IDNIC-TELNETNAP-AS-ID PT Telnet Nap Akses",0
AS153098,"IDNIC-MMSDIGI-AS-ID PT Mms Digital Communication",2
AS153099,"IDNIC-SARANADIGITAL-AS-ID PT Sarana Digital Informatika",0
AS153100,"IDNIC-JENTRENET-AS-ID PT Jentre Media Nusa",1
AS153101,"IDNIC-KAWANTEKNO-AS-ID PT Kawan Teknologi Pratama",1
AS153102,"IDNIC-ROUTEMEDIA-AS-ID PT Routelink Mediatech",3
AS153103,"IDNIC-GINET-AS-ID PT Global Internet Network",0
AS153104,"IDNIC-DMWT-AS-ID PT Darma Media Warta",0
AS153105,"IDNIC-NADAFREEDOM-AS-ID PT Nada Freedom Indonesia",3
AS153106,"IDNIC-NTI-LINK-AS-ID PT Nextmedia Teknologi Indonesia",1
AS153107,"IDNIC-RNET-AS-ID PT Rnet Mitra Sentosa",3
AS153108,"IDNIC-PLATN-AS-ID PT Floria Ilham Barokah Group",1
AS153109,"IDNIC-LINDIKARA-AS-ID PT Lin Dikara Prakasa",0
AS153110,"IDNIC-TRIORION-AS-ID PT Tri Orion Prospekindo",0
AS153111,"IDNIC-JABER-AS-ID PT Jaringan Kita Bersama",5
AS153112,"IDNIC-LUNANET-ID PT Luna Media Solusi",4
AS153113,"IDNIC-BIGGEST-AS-ID PT Central Karya Lintas Buana",0
AS153114,"IDNIC-MUSIKINTERNET-AS-ID PT Musik Internet Indonesia",2
AS153115,"IDNIC-NUANSATEKNOLOGI-AS-ID PT Nuansa Teknologi Informasi",3
AS153116,"IDNIC-MSKNET-AS-ID PT Mirzuno Solusi Komunikasi",1
AS153117,"IDNIC-GLOSNET-AS-ID PT Globalindo Solusi Nusantara",1
AS153118,"IDNIC-CTB-AS-ID PT Cyberindo Telekomunikasi Borneo",1
AS153119,"IDNIC-INTANPARIWARA-AS-ID PT Intan Pariwara",1
AS153120,"LTNIX-AS-ID PT Lintas Telematika Nusantara",0
AS153121,"IDNIC-SOLUXIO-AS-ID PT Pcr Solusi Teknologi",2
AS153122,"IDNIC-ANNORTYNET-AS-ID PT Landak Annorty Net",3
AS153123,"SIGERTEL-AS-ID PT Fiberwave Siger Indonesia",3
AS153124,"IDNIC-CDN-AS-ID PT Cahaya Data Nusantara",2
AS153125,"IDNIC-SATKOMEDIYASA-AS-ID PT Satkomindo Mediyasa",1
AS153126,"IDNIC-TUS-AS-ID PT Tristan Utama Solutech",1
AS153127,"IDNIC-TOPSETTING-AS-ID PT Topsetting Sentra Akses",4
AS153128,"IDNIC-TECHCHANDRA-AS-ID PT Techchandra Solusi Telematika",2
AS153129,"IDNIC-CASHLEZ-ID PT. Cashlez Worldwide Indonesia Tbk",2
AS153130,"IDNIC-MEGAAKSESBERSAMA-AS-ID PT Mega Akses Bersama",0
AS153131,"IDNIC-MAJUIN-AS-ID PT Maintek Juara Intisolusi",2
AS153132,"IDNIC-TAFFNET-AS-ID PT Transformasi Informatika Teknologi",3
AS153133,"IDNIC-RDK-AS-ID PT Rumah Data Kita",0
AS153134,"IDNIC-RPNET-AS-ID PT Anugerah Creative Nusantara",1
AS153135,"IDNIC-NPN-AS-ID PT Netindo Persada Nusantara",3
AS153136,"IDNIC-ARI-AS-ID PT Alvadeva Rajawali Informatika",0
AS153137,"IDNIC-MULTIINTERLINKTEKNIK-AS-ID PT Multi Interlink Teknik",0
AS153138,"IDNIC-INN-AS-ID PT Intermedia Net Nusaphala",0
AS153139,"IDNIC-DNSGNET-ID PT Digital Nusantara Sejati Group",3
AS153140,"IDNIC-KAM-AS-ID PT Karya Akbar Mandiri",2
AS153141,"IDNIC-JLMARITIM-AS-ID PT Jaringan Lintas Maritim",3
AS153142,"IDNIC-WGT-AS-ID PT Waros Global Teknologi",0
AS153143,"IDNIC-MELODI-AS-ID PT Melodiva Music Gateway",2
AS153144,"IDNIC-BENTALA-AS-ID PT Bena Bentala Services",3
AS153145,"IDNIC-TOMIHONK-AS-ID PT Tomihonk Network Nusantara",2
AS153146,"IDNIC-GNS-AS-ID PT Gateway Network Services",1
AS153147,"SALMA-AS-ID PT Raihan Teknologi Pratama",1
AS153148,"IDNIC-BHATARANET-AS-ID PT Bhatara Net",2
AS153149,"IDNIC-OLN-AS-ID PT Optical Light Nusantara",1
AS153150,"IDNIC-GNAP-AS-ID PT Gerbang Nasional Akses Prima",1
AS153151,"IDNIC-DIAPA-AS-ID PT Diapa Angkasa Nusaintegra",2
AS153152,"DNIC-SIBAYNET-AS-ID PT Sibay Global Network",2
AS153153,"IDNIC-DMN-AS-ID PT Data Multimedia Nusantara",1
AS153154,"IDNIC-SCU-AS-ID Universitas Katholik Soegijapranata",1
AS153155,"IDNIC-SIGMADATANUSA-AS-ID PT Sigma Data Nusa",3
AS153156,"IDNIC-ALSAVA-AS-ID PT Alsavanet Global Media",1
AS153157,"IDNIC-WARISA-AS-ID PT Warisa Karya Teknologi",3
AS153158,"IDNIC-DDS-AS-ID PT Dukodu Digital Solution",2
AS153161,"IDNIC-INDIEDATA-ID PT Indie Data Nusantara",0
AS153176,"PLRM-AS-AP PT LAPAK REGISTAR MURAH",3
AS153317,"DACENID-AS-ID DACEN.",0
AS153327,"IDNIC-APEXNET-ID PT. Adisesha Palladium Interchange",2
AS153382,"DLAIP-AS-AP Direktorat Layanan Aplikasi Informatika Pemerintahan",2
AS153479,"IDNIC-IPM-AS-ID PT Integra Putra Mandiri",2
AS153480,"IDNIC-ACS-ID PT Andal Ciptamedia Sarana",2
AS153481,"IDNIC-PNG-AS-ID PT Ping Network Global",2
AS153484,"IDNIC-SK-INFORMATIKA-AS-ID PT Solusi Kontrol Informatika",0
AS153485,"IDNIC-MITRATECH-AS-ID PT. Mitra Technologi Informasi",2
AS153486,"IDNIC-SICAKRA-AS-ID PT Aqrapana Daya Mandiri",4
AS153488,"PQLM-AS-AP PT Quinsis Lintas Mitra",0
AS153492,"IDNIC-AS-INTEKNONET-ID PT Integrasi Teknologi Informasi",1
AS153511,"IDNIC-KNN-AS-ID PT Kuning Media Nusantara",1
AS153514,"IDNIC-TELNUSA-AS-ID PT Telekomunikasi Perdana Nusantara",1
AS153515,"IDNIC-STARLIGHTNETWORK-AS-ID PT Bintang Jaringan Indonesia",0
AS153519,"IDNIC-SBV-AS-ID PT Shinta Buana Vision",2
AS153520,"IDNIC-AS-GSB-ID PT Galen Sakti Baroka",1
AS153521,"IDNIC-SNETPRIMA-ID PT Sambasnet Multidata Prima",1
AS153524,"IDNIC-IDX-ID PT Inovasi Data Xprime",0
AS153538,"IDNIC-MUNARAKIERAHA-ID PT MUNARA KIE RAHA",1
AS153546,"IDNIC-INTIRAHAMEDIAAKSES-ID PT INTIRAHA MEDIA AKSES",1
AS153552,"IDNIC-BLESSINGKAMALIRANNETWORK-ID PT BLESSING KAMALIRAN NETWORK",0
AS153553,"IDNIC-GRIZYLPRIMANET-AS-ID PT Grizylnet Indo Multimedia",0
AS153554,"IDNIC-DBM-AS-ID PT Digital Bangun Mandiri",1
AS153555,"IDNIC-STARHOME-AS-ID PT STAR HOME INDONESIA",1
AS153559,"IDNIC-MAULANAJAYAMEDIA-ID PT MAULANA JAYA MEDIA",1
AS153565,"IDNIC-INTANET-ID PT Intan Digital Internet",3
AS153570,"IDNIC-JALINKA-AS-ID PT JARINGAN LINTAS KAWANESIA",1
AS153572,"JOGJARINGAN-ID PT DINAMIKA MEDIAKOM",0
AS153573,"IDNIC-BAYNET-AS-ID PT BAYU MULTIMEDIA TELEKOMUNIKASI",2
AS153575,"IDNIC-PTELINDONESIA-ID PT PALLAKA ELEKTRO TELEKOMUNIKASI",1
AS153576,"IDNIC-JLSS-ID PT JARINGAN LINTAS SELATAN SOLUSINDO",2
AS153577,"IDNIC-NETWORKSOLUTIONPERSADA-ID PT NETWORK SOLUTION PERSADA",2
AS153578,"IDNIC-KNID-AS-ID PT Koneksi Indonesia Lintas Arta",0
AS153579,"IDNIC-WIRELESSINDO-AS-ID PT Wirelessindo Solusi Teknologi",2
AS153580,"IDNIC-AZKAINDONET-ID PT AZKA INDO NETWORK",1
AS153582,"IDNIC-INFINITY-GLOBAL-ID PT INFINITY GLOBAL DATA NUSANTARA",1
AS153583,"IDNIC-PLN-AS-ID PT POLARIS LINTAS NUSANTARA",1
AS153584,"IDNIC-QUELTECH-AS-ID PT Quel Teknologi Indonesia",1
AS153600,"IDNIC-VESANET-ID PT VESAKHA SECEPAT KILAT",2
AS153601,"IDNIC-OKBANK-ID PT Bank Oke Indonesia Tbk",1
AS153607,"BOYSASUKE-AS-ID BOY SASUKE",0
AS153608,"IDNIC-SINWANNET-AS-ID PT Sinwan Ankar Jaya",0
AS153609,"IDNIC-ANAMBAS-ID Dinas Komunikasi, Informatika Dan Statistik Kabupaten Kepulauan Anambas",1
AS153615,"IDNIC-MYCOCOLINK-ID PT Lentera Abadi Solusinet",1
AS153618,"IDNIC-OVALLFIBER-ID PT OVALL SOLUSINDO MANDIRI",3
AS153636,"IDNIC-EIS-AS-ID PT Erzar Inti Solusi",4
AS153639,"IDNIC-KAMI-AS-ID PT Kami Solusi Teknologi",0
AS153646,"IDNIC-DIGIKARSA-ID PT Digikarsa Nusantara Internasional",3
AS153658,"IDNIC-HEXATELEMATIKAINDONESIA-ID PT HEXA TELEMATIKA INDONESIA",3
AS153664,"IDNIC-NAOMI-AS-ID PT NAOMI AURORA TEKNOLOGI",2
AS153665,"IDNIC-BORNEOMEGALINK-AS-ID PT Borneo Megalink Perkasa",0
AS153666,"IDNIC-JITU-AS-ID PT JARINGAN INTERNET TERPADU",2
AS153670,"IDNIC-NAFNET-ID PT NAFIS GLOBAL VISI",2
AS153673,"IDNIC-PINNUTA-ID PT Pioneer Nusatama Technology",3
AS153682,"IDNIC-KBN-AS-ID PT Kemenangan Bersama Nusantara",1
AS153690,"IDNIC-MENARALANGITNUSANTARA-ID PT Menara Langit Nusantara",0
AS153693,"IDNIC-POLDAJATENG-AS-ID Kepolisian Daerah Jawa Tengah",1
AS153697,"IDNIC-MYBIG-ID PT Big Network Indonesia",3
AS153699,"IDNIC-DIAMOND-ID PT Sukanda Djaya",1
AS153707,"IDNIC-SEMESTA-AS-ID PT Multisemesta Data Nusantara",1
AS153716,"PATS-AS-AP PT AtoZ Teknik Sejahtera",1
AS153717,"IDNIC-DLD-AS-ID PT Diaza Lintas Data",8
AS153718,"IDNIC-JMK-AS-ID PT Jelajah Media Komunikasi",1
AS153727,"IDNIC-QUEENQINANDATAMEDIAMANDIRI-ID PT QUEENQINAN DATAMEDIA MANDIRI",1
AS153728,"IDNIC-FAFIUIFINETWORK-ID PT FAFI UIFI NETWORK",1
AS153729,"IDNIC-TIJ-AS-ID PT Tekno Indo Jaya",4
AS153745,"PSMS-AS-AP Sayagi",1
AS153753,"IDNIC-METROMATIKA-ID PT METROMATIKA TEKNOLOGI REKAYASA",1
AS153767,"IDNIC-PRAGATA-AS-ID PT Sinergi Innovate Pragata",0
AS153768,"IDNIC-SIGNALL-AS-ID PT Signall Network Nusantara",4
AS153769,"IDNIC-RSUDPA-ID RSUD Pandan Arang Boyolali",1
AS153774,"IDNIC-ASRILINK-AS-ID PT Microcyber Data Indonesia",2
AS153796,"IDNIC-DMG-ID PT Darussalam Media Group",1
AS153797,"IDNIC-DCCONNECT-ID PT DCCONNECT AUTOMATION TECHNOLOGY",1
AS153801,"IDNIC-BELLAINTAN-AS-ID PT Bella Intan Media",1
AS153802,"IDNIC-FORTUNET-AS-ID PT Fortunet Milennia Sukses",0
AS153803,"IDNIC-TLINET-AS-ID PT Trans Link Internasional",1
AS153804,"IDNIC-JDN-AS-ID PT Jagoan Data Nusantara",2
AS153805,"IDNIC-INDONESIADIALNETWORK-AS-ID PT Indonesia Dial Network",1
AS153806,"IDNIC-DRANET-ID PT Dra Net Solution",2
AS153807,"IDNIC-DISKOMINFO-BALANGAN-AS-ID Dinas Komunikasi, Informatika, Statistik Dan Persandian Kabupaten Balangan",1
AS153815,"IDNIC-LINTASTEKNO-ID PT Lintas Tekno Network",0
AS153816,"IDNIC-ASIAGATE-AS-ID PT Asiana Mika Indonesia",1
AS153817,"IDNIC-PINGTEL-AS-ID PT Internet Lancar Untuk Negeri",1
AS153818,"IDNIC-MARAJADIGITALNUSANTARA-ID PT MARAJA DIGITAL NUSANTARA",1
AS153820,"IDNIC-EXATELEKOMUNIKASINUSANTARA-ID PT EXA TELEKOMUNIKASI NUSANTARA",4
AS153822,"IDNIC-EKONEK-AS-ID PT EMLIMA KONEKSI NUSANTARA",1
AS153823,"IDNIC-PTJTS-AS-ID PT JARINGAN TEKNOLOGI SEJAHTERA",1
AS153824,"IDNIC-AKSATANET88-AS-ID PT Aksara Sarana Telematika",2
AS153825,"IDNIC-ITP-AS-ID Institut Teknologi Padang",1
AS153835,"IDNIC-FIBERSA-AS-ID PT Fibersa Indotama Network",1
AS153838,"IDNIC-AJI-AS-ID PT APLIKASI JARINGAN INDONESIA",0
AS153839,"IDNIC-TENJO-ID PT Tenjo Nurcahaya Jayabhatara",2
AS153840,"IDNIC-ASNETWORK-AS-ID PT Andalas Solusi Network",2
AS153843,"IDNIC-LEMHANNAS-AS-ID Lembaga Ketahanan Nasional",1
AS153848,"IDNIC-JCD-AS-ID PT Jaya Cipta Digital",1
AS153849,"IDNIC-HAQINET-ID PT HAQINET MEDIA COM",0
AS153857,"IDNIC-SCI-AS-ID PT Syaputra Capital Investama",0
AS153858,"IDNIC-SOKKAFIBER-AS-ID PT SOKKA TAMA FIBER",2
AS153863,"IDNIC-BAHAGIAWYNBERSAMA-ID PT BAHAGIA WYN BERSAMA",1
AS153871,"IDNIC-CLOUDEE-AS-ID PT SOLUSI INOVASI BISNIS",1
AS153875,"IDNIC-NETWINDO-ID PT BUTON NETWINDO PRATAMA",1
AS153876,"IDNIC-OMG-AS-ID PT Oofydi Media Group",1
AS153877,"IDNIC-GORODIGITALNUSANTARA-ID PT GORO DIGITAL NUSANTARA",2
AS153880,"IDNIC-HCS-AS-ID PT Hyundai Capital Finance Indonesia",1
AS153882,"IDNIC-JIA-ID PT JARINGAN INFRA ANDALAN",2
AS153887,"IDNIC-DASAINFRAINDONESIA-AS-ID PT DASA INFRA INDONESIA",1
AS153888,"IDNIC-FIBERGNET-AS-ID PT Fiber Bahana Tatamitra Solusi",2
AS153889,"IDNIC-EL2NET-AS-ID PT Media Central Access",1
AS153893,"IDNIC-TENGGARAMULTIMEDIAGEMILANG-ID PT TENGGARA MULTIMEDIA GEMILANG",2
AS153895,"IDNIC-RSK-ID PT Rajasa Sinergi Komunikasi",4
AS153896,"IDNIC-SHOFANET-AS-ID PT Shofanet Media Telekomunikasi",1
AS153903,"IDNIC-ATMAJAYA-AS-ID Yayasan Atma Jaya",2
AS153904,"IDNIC-ETI-ID PT Equator Telecom Indonesia",3
AS153910,"IDNIC-RDN-AS-ID PT Ryza Data Nusantara",2
AS153917,"IDNIC-STARNUSNET-AS-ID PT Star Nusantara Network",1
AS153918,"IDNIC-SALSANET-AS-ID PT SALSA MEDIA DATA SOLUSINDO",2
AS153919,"IDNIC-ANUGRAHGLOBALINDOSOLUSI-ID PT ANUGRAH GLOBALINDO SOLUSI",1
AS153920,"IDNIC-INOVASITEKNOLOGITERINTEGRASI-ID PT INOVASI TEKNOLOGI TERINTEGRASI",0
AS153921,"IDNIC-CIDATEL-AS-ID PT Citra Data Telematika",1
AS153922,"IDNIC-3DATA-AS-ID PT Tridata Teknologi Indonesia",2
AS153923,"IDNIC-CEM-AS-ID CV Cyber Earth Multicorp",2
AS153924,"IDNIC-LABIMA-AS-ID PT Labima Global Solusindo",3
AS153925,"IDNIC-TIMELESS-AS-ID PT Timeless Network Group",2
AS153936,"IDNIC-DINUSA-ID PT DINAMIKA TEKNOLOGI NUSA",2
AS153937,"IDNIC-RDP-AS-ID PT Ring Data Prima",2
AS153938,"IDNIC-DOTNET-AS-ID PT Digital Omni Telekomunikasi",2
AS153939,"IDNIC-SANDEQ-AS-ID PT Sandeq Media Teknologi",1
AS153940,"IDNIC-FINET-AS-ID PT Win Akselerasi Net Indonesia",1
AS153943,"MIT-AS-ID PT Media Infrastruktur Teknik",2
AS153945,"IDNIC-THCDS-AS-ID PT THC DIGITAL SOLUTION",0
AS153946,"IDNIC-KIYNET-AS-ID PT KREASI INDOKARYA NETWORK",3
AS153960,"IDNIC-METRODATATEKNIK-AS-ID PT Metro Data Teknik",0
AS153961,"IDNIC-CONNEXA-AS-ID PT Connexa Digital Network",4
AS153962,"IDNIC-WISMILAK-AS-ID PT Wismilak Inti Makmur TBK",1
AS153963,"IDNIC-ASCESA-AS-ID PT Lengkong Network Indonesia",2
AS153965,"IDNIC-STARNETA-AS-ID PT Starlink Network Digital",1
AS153968,"IDNIC-MTC-ID PT MERDEKA TELEKOMUNIKASI CENTER",4
AS153978,"IDNIC-SAKOMTA-AS-ID PT Sarana Komunikasi Semesta",0
AS153985,"IDNIC-LSI-ID PT LAYANAN SERVER INDONESIA",2
AS153986,"IDNIC-NBS-ID PT Network Bumi Saridin",3
AS153987,"IDNIC-DDK-AS-ID PT Dua Data Komunika",3
AS153988,"IDNIC-BERKATTECHNOLOGY-AS-ID PT Berkat Hijau Makmur Bersama",1
AS153992,"IDNIC-K2NET-ID PT Kirana Karina Network",1
AS154007,"IDNIC-IAINSASBABEL-AS-ID Institut Agama Islam Negeri Syaikh Abdurrahman Siddik Bangka Belitung",1
AS154008,"IDNIC-SIGNP-ID PT SAKRAL INTERMEDIA GLOBAL NETWORK PERSADA",0
AS154023,"IDNIC-GUT-AS-ID PT Global Usaha Teknologi",1
AS154034,"IDNIC-SDCT-AS-ID PT Semarang Data Center",0
AS154039,"IDNIC-AONE-AS-ID PT Awan Media Digital",3
AS154056,"IDNIC-METADATA-AS-ID PT Metadata Teknovasi Nusantara",1
AS154067,"IDNIC-INTISIBER-AS-ID PT Inti Siber Net",3
AS154073,"IDNIC-ATTANETWORK-ID PT ATTA SEJAHTERA INDONESIA",2
AS154074,"IDNIC-IDNET86-AS-ID PT Alfaqih Azzam Network",1
AS154075,"IDNIC-MIKANETWORK-AS-ID PT Mitra Keutamaan Abadi",1
AS154077,"IDNIC-TUNGGALNET-AS-ID PT Tunggal Media Data",0
AS154078,"IDNIC-JENDRALINOMASANETWORK-ID PT JENDRAL INOMASA NETWORK",1
AS154092,"IDNIC-ARTEKS-AS-ID PT Artha Teknologi Inovasi",3
AS154093,"IDNIC-SLS-AS-ID PT Sentral Link Solutions",1
AS154097,"IDNIC-IBSNET-AS-ID PT INTERNET BERKAH SULAWESI",1
AS154101,"IDNIC-OMNIANET-ID PT OMNIA TEKNOLOGI INDONESIA",4
AS154122,"IDNIC-JAMKRIDAJATENG-AS-ID PT Penjaminan Kredit Daerah Provinsi Jawa Tengah",1
AS154123,"IDNIC-RAYUNET-AS-ID PT Rayunet Broadcast Solution",9
AS154124,"IDNIC-GMJN-AS-ID PT Global Media Jaringan Nasional",2
AS154128,"IDNIC-ELVIANA-ID PT Elviana Jaringan Nusantara",1
AS154129,"GOLDNET-ID PT. GLOBAL LINTAS SOLUSI",0
AS154141,"IDNIC-SATUNET-ID PT Satu Jaringan Nasional",1
AS154143,"IDNIC-AZWARNETWORKS-ID PT AZWAR DIGITAL NETWORKS",2
AS154145,"IDNIC-ANDIKANET-AS-ID PT Andika Media Data",1
AS154146,"IDNIC-GLOBALASTA-AS-ID PT Global Asta Systelematika",3
AS154152,"IDNIC-CREWNET-ID PT KASIH RAJAWALI SEJAHTERA",0
AS154153,"IDNIC-BIMANET-ID PT Bimanet Media Nusantara",1
AS154154,"IDNIC-BORNEOFIBERTEK-ID PT BORNEO FIBER TEKNOLOGI",1
AS154159,"IDNIC-GNTNET-AS-ID PT Global Nusa Telekomunikasi",1
AS154164,"IDNIC-IDXSTI-AS-ID PT Idx Solusi Teknologi Informasi",1
AS154165,"IDNIC-UNICOM-AS-ID PT Unicom Muda Utama",0
AS154178,"IDNIC-RSUPSOERADJI-ID Rumah Sakit Umum Pusat Dr. Soeradji Tritonegoro Klaten",1
AS154191,"IDNIC-WLD-ID PT WIFIKCB LINTAS DATA",3
AS154195,"IDNIC-KEMENPPPA-ID Kementerian Pemberdayaan Perempuan Dan Perlindungan Anak",1
AS154196,"IDNIC-TERRANET-ID PT Terra Net Indonesia",1
AS154197,"IDNIC-LUMAJANGNETWORK-AS-ID PT Reload Media Telematika",3
AS154201,"IDNIC-GIGANETWORKINDONESIA-AS-ID PT GIGA NETWORK INDONESIA",3
AS154202,"IDNIC-VIALINK-ID PT VIALINK TEKNOLOGI DIGITAL",1
AS154203,"IDNIC-DSKYTECH-ID PT DELTA SKY TECH",1
AS154205,"IDNIC-SUSU-TECHNET-AS-ID PT Susu Teknologi Indonesia",1
AS154208,"IDNIC-GIRIDATASOLUSINDO-ID PT GIRI DATA SOLUSINDO",2
AS154210,"IDNIC-PAULI-ID PT Pituama Unggulan Teknologi",2
AS154211,"IDNIC-DJB-ID PT Digital Jaringan Bersama",0
AS154217,"IDNIC-FIBERAKSES-ID PT Fiber Akses Nusantara",6
AS154218,"IDNIC-ELJETE-ID PT LINTAS JARINGAN TUNGKAL",2
AS154222,"IDNIC-BITTECH-ID PT BIT ASIA TECHNOLOGY",0
AS154226,"IDNIC-GASSNET-ID PT GLOBAL ACCESS SMART SOLUTIONS",3
AS154233,"IDNIC-CYBERLINK-ID PT Cyber Satria Indonesia",3
AS154244,"IDNIC-FOURSAMEDIA-ID PT EMPAT SAUDARA MULIA",3
AS154248,"IDNIC-CAKTARA-ID PT Telemedia Cakra Nusantara",2
AS154252,"IDNIC-SUPERLINKS-AS-ID PT Superlink Supratama Lintasnusa",1
AS154265,"IDNIC-AMR-AS-ID PT Andalan Media Raya",2
AS154266,"IDNIC-TELEKOMINDONETPRIMA-ID PT TELEKOMUNIKASI INDO PRIMA",3
AS154268,"IDNIC-DEFAST-ID PT Condifa Digitech Solusindo",0
AS154281,"IDNIC-GLOBALDIGITALCORE-ID PT GLOBAL DIGITAL CORE",2
AS154291,"IDNIC-NEXORA-ID PT NEXORA DATA OPTIMA",2
AS154292,"IDNIC-POLTEKES-PLB-ID Politeknik Kesehatan Palembang",1
AS154303,"IDNIC-PTDIKA-ID PT Danamas Insan Kreasi Andalan",1
AS154307,"IDNIC-SKYMULTIMEDIA-ID PT SKY MULTIMEDIA LESTARI",1
AS154312,"IDNIC-SMTG-ID PT Sarana Mandiri Teknologi Grup",1
AS154314,"IDNIC-ENOSYS-AS-ID PT Eno Cyber Sentinel",2
AS154318,"IDNIC-RAKOMEDIA-ID PT Rako Media Network",0
AS154330,"IDNIC-EDTS-ID PT Elevenia Digital Teknologi Sukses",1
AS154331,"IDNIC-BINNET-AS-ID PT CITRA BINTANG NET",1
AS154336,"IDNIC-PEGADAIAN-ID PT PEGADAIAN",2
AS154337,"IDNIC-KLEDO-ID PT Kledo Berhati Nyaman",1
AS154344,"IDNIC-JISLT-AS-ID PT Java Internet Solution",2
AS154345,"IDNIC-DLN-ID PT Dlimo Network Nusantara",1
AS154347,"IDNIC-ANASEMESTA-ID PT Anagata Akusara Semesta",1
AS154349,"IDNIC-ASAKREASI-ID PT Asa Kreasi Interasia",2
AS154353,"IDNIC-ICNET-ID PT Indo Cahaya Network",1
AS154354,"IDNIC-PNL-AS-ID Politeknik Negeri Lhokseumawe",1
AS154365,"IDNIC-BTN13-AS-ID PT Bagian Teknologi Nusantara",2
AS154367,"IDNIC-KABTUBAN-ID Dinas Komunikasi dan Informatika, Statistik Dan Persandian Kabupaten Tuban",1
AS154369,"IDNIC-PCNUSANTARA-ID PT PASIFIK CIPTA NUSANTARA",1
AS154372,"IDNIC-SNSNETWORK-ID PT Server Nusantara Sejahtera",2
AS154385,"IDNIC-FASTKAAN-ID PT PRIMA INDO SENTOSA",1
AS154387,"IDNIC-LTK-AS-ID PT Lintas Trans Khatulistiwa",1
AS154393,"IDNIC-FLOKNET-AS-ID PT Flok Global Utama",1
AS154397,"IDNIC-BINTANGEMAS-ID PT Bintang Emas Nusantara Tujuh Tujuh",1
AS154400,"IDNIC-JARMP-ID PT Jaringan Merah Putih",2
AS154401,"IDNIC-SAHABATNET-ID PT Sahabat Internet Nusantara",1
AS154413,"IDNIC-NETKITA-ID PT Busano Internet Kita",3
AS154414,"IDNIC-CLB-ID PT Citratama Lintas Buana",4
AS154415,"IDNIC-BTW-ID PT Bajastu Teknologi Waringin",3
AS154419,"IDNIC-INDOBIZ-ID PT Indobiz Digital Teknologi",0
AS154422,"IDNIC-CARANO-ID PT Carano Tech Solusi",0
AS154423,"IDNIC-JAVASELEBES-ID PT Java Selebes Network",1
AS154427,"IDNIC-DIGINIX-ID PT Digital Unique Indonesia",2
AS154428,"IDNIC-BEEFAST-ID PT Suhat Dirobean Bersaudara",0
AS154430,"IDNIC-ABELNET-ID PT Abel Multi Network",3
AS154440,"IDNIC-DISKOMINFOCIMAHI-ID Dinas Komunikasi & Informatika Kota Cimahi",1
AS154442,"IDNIC-ASATRIONETWORK-ID PT Asa Trio Network",2
AS154444,"IDNIC-SATAK-ID PT Nusa Data Koneksi",3
AS154452,"IDNIC-BST-ID PT Berkah Solution Tatawafaqu",1
AS154454,"IDNIC-DETENET-ID PT Dikta Teknologi",1
AS154458,"IDNIC-SAYURANNET-ID PT Satya Yudhistira Ranajaya",1
AS154459,"IDNIC-CBT-ID PT CAKRA BUANA TEKNOLOGI",2
AS154475,"IDNIC-PERMATADATA-ID PT Permata Data Nusantara",3
AS154477,"IDNIC-SINYALKU-AS-ID PT Sinyalku Berkah Teknologi",1
AS154478,"IDNIC-HASTAMEDIA-AS-ID PT Hasta Media Transdata",0
AS154479,"IDNIC-SYNETRIX-AS-ID PT Panca Cita Synetrix",2
AS154480,"IDNIC-NETG-AS-ID PT Gerbang Nusantara Sakti",3
AS154483,"IDNIC-GALAKTIK-AS-ID PT Galaktik Optika Omni Data",1
AS154492,"PPSS-AS-AP PROTERGO",1
AS154494,"IDNIC-SELARAS-AS-ID PT Selaras Teknologi Utama",3
AS154495,"IDNIC-STERLINKNET-AS-ID PT Sterlink Permata Indonesia",0
AS154503,"IDNIC-TRIMAFA-AS-ID PT Trimafa Computindo Networking",1
AS154505,"IDNIC-DIGIT-AS-ID PT Dwitama Digital Teknologi",1
AS154509,"IDNIC-LANGITBORNEO-ID PT LANGIT BORNEO NETWORK",1
AS154520,"IDNIC-NEUCENTRA-ID PT NEUCENTRA JARINGAN INDONESIA",1
AS154521,"IDNIC-DPSNET-AS-ID PT Digital Prima Solution",2
AS154522,"IDNIC-QUICKNET-AS-ID PT Quicknet Nusantara Teknologi",3
AS154523,"IDNIC-ALTELMATARA-AS-ID PT Ali Telematika Nusantara",4
AS154527,"IDNIC-MIKROLINKNET-AS-ID PT Mikrolink Elektra Data",3
AS154528,"IDNIC-DISKOMINFO-PKU-AS-ID Dinas Komunikasi Informatika Statistik Dan Persandian Kota Pekanbaru",1
AS154533,"IDNIC-VALIDATECH-ID PT VALIDASI RUANG TEKNOLOGI",0
AS154534,"IDNIC-TSPNET-AS-ID PT Toparengnge Sinar Pelali",1
AS154536,"IDNIC-ZAAIDNETWORKNUSANTARA-AS-ID PT Zaaid Network Nusantara",2
AS154537,"IDNIC-GLN-ID PT Garuda Lintas Nusa",2
AS154538,"IDNIC-RPMNET-AS-ID PT Pringsewu Digital Nusantara",2
AS154547,"PMST-AS-AP PT MASHANZ SUMBER TERBUKA",4
AS154548,"IDNIC-DYNET-ID PT DYANDRA BORNEO NETWORK",1
AS154555,"IDNIC-INDIGO-ID PT Indonesia Global Networks",1
AS154556,"IDNIC-TNTNET-ID PT Tori Network Teknologi",2
AS154557,"IDNIC-UDAKA-ID PT BUKAN SEKADAR AIR",0
AS154574,"IDNIC-RNSNETWORK-AS-ID PT Rokan Network Solution",1
AS154582,"IDNIC-TJLINK-AS-ID PT Telekomunikasi Jaringan Dinamis",1
AS154583,"IDNIC-MYFREND-ID PT DIGITAL MYFREND SOLUSINDO",3
AS154584,"IDNIC-CITRAPRIMANET-AS-ID PT Citra Cianjur Prima",0
AS154585,"IDNIC-MOROTON-AS-ID PT Moroton Cipta Teknologi",1
AS154586,"IDNIC-ROBA-ID PT Roba Digital Akses",2
AS154587,"IDNIC-GPR-ID PT GLOBAL PRATAMA RURALINDO",0
AS154589,"IDNIC-VELONIX-AS-ID PT Velonix Digital Nusantara",0
AS154590,"IDNIC-SERA-AS-ID PT Sera Koneksi Nusantara",2
AS154596,"IDNIC-ARLNETWORK-ID PT ARL NETWORK GROUP",1
AS154607,"IDNIC-EXAFIBER-ID PT EXTREME AKSES TELEKOMUNIKASI",1
AS154616,"IDNIC-IOASE-ID PT INFOMATICS OASE",1
AS154626,"IDNIC-BIGMASNET-AS-ID PT Big Data Indonesia",0
AS154627,"IDNIC-QUANTUMLINK-AS-ID PT Quantum Cemara Link",1
AS154628,"IDNIC-SMUNET-AS-ID PT Sinergi Multidata Utama",2
AS154629,"IDNIC-GARUDALINK-AS-ID PT Garuda Network Nusantara Sinergi",2
AS154630,"IDNIC-TMC-AS-ID PT Teknologi Media Cepat",2
AS154637,"KUANTUM-ID PT Kuantum Bhinneka Wishaka",1
AS154639,"IDNIC-CYBERNETWORKMEDIA-ID PT CYBER NETWORK MEDIACOM",1
AS154640,"IDNIC-UIN-PALANGKARAYA-ID UNIVERSITAS ISLAM NEGERI PALANGKA RAYA",1
AS154651,"IDNIC-SARANGDATA-AS-ID PT Sarang Data Nusantara",1
AS154652,"IDNIC-RNTI-AS-ID PT Rambo Network Telekomunikasi Indonesia",1
AS154657,"IDNIC-PANHANET-ID PT PANHA NETWORK SOLUTION",2
AS154659,"IDNIC-KURSUSPINTAR-AS-ID PT Pintar Seluruh Indonesia",0
AS154660,"IDNIC-GELAR-AS-ID PT Gelar Linggabuana Network",2
AS154663,"IDNIC-SPS-ID PT SIGNAL PRIMA SOLUSI",1
AS154664,"IDNIC-ADT-AS-ID PT Anagram Data Teknologi",0
AS154668,"IDNIC-GLOBALTECH-ID PT Globaltech Jaya Nusantara",3
AS154669,"IDNIC-AZNETLINK-ID PT Azvi Multi Teknologi",1
AS154681,"IDNIC-ROCTIONNETWORK-ID PT ROCTION LENTERA GEMILANG",1
AS154682,"IDNIC-TSN-AS-ID PT Tigabelas Solusi Nusantara",0
AS154683,"IDNIC-MERCYTECH-AS-ID PT Mercytech Media Nusantara",1
AS154684,"IDNIC-DISKON-AS-ID PT Senyum Diskon Indonesia",1
AS154687,"IDNIC-BUMANET-ID PT BUMI MASPUL INTERNET",1
AS154702,"IDNIC-RSUPDRSARDJITO-AS-ID Rumah Sakit Umum DR Sardjito Yogyakarta",1
AS154704,"IDNIC-GNINTERMEDIA-AS-ID PT Giga Network Intermedia",1
AS154707,"IDNIC-RINNET-ID PT RINET GLOBAL MANDIRI",4
AS154709,"IDNIC-J2SN-AS-ID PT Jitu Solusindo Nusantara",4
AS154716,"IDNIC-JNET-AS-ID PT Jaringan Nusa Evo Telematika",1
AS154717,"IDNIC-PCR-ID Politeknik Caltex Riau",1
AS154719,"IDNIC-PNS-AS-ID PT Pandawa Nusantara Solusindo",3
AS154721,"IDNIC-BOIMNET-ID PT BOIM SERVICE NETWORK",3
AS154722,"IDNIC-PMD-AS-ID PT Pronet Media Indonesia",1
AS154728,"IDNIC-TBAS-ID PT TECHNOLOGY BANTEN SOLUSI",1
AS154729,"IDNIC-ARKANOVA-AS-ID PT Arkanova Cipta Inovasi",3
AS154730,"IDNIC-RAMADHANIPRIMANET-AS-ID PT Ramadhani Prima Net",2
AS154733,"IDNIC-CISFO-ID PT CISFO IRPANSAH GRUP",3
AS154734,"IDNIC-MBG-AS-ID PT Media Borneo Global",1
AS154736,"IDNIC-AMTNET-ID PT ANDALAS METRODATA TELEMATIKA",1
AS154737,"IDNIC-SVN-ID PT SINERGI VISIONER NUSANTARA",0
AS154738,"IDNIC-DATATRAN-AS-ID PT Sinergi Datatrans Nusantara",2
AS154745,"IDNIC-OCTA-AS-ID PT Octa Netmedia Indonesia",2
AS154747,"IDNIC-SINDONET-AS-ID PT SAHABAT INDONESIA INTERNET",2
AS154758,"IDNIC-SENTRAL-AS-ID PT Sentral Multi Telemedia",0
AS154760,"IDNIC-TIMURTEL-AS-ID PT Timur Telekomunikasi Nusantara",1
AS154761,"IDNIC-BAGLER-AS-ID PT Bagler Nusantara Interkoneksi",2
AS154765,"IDNIC-PERMAI-ID PT PERMAI JAYA NETWORK",1
AS154766,"IDNIC-RDIF-ID PT RODA DATA INFRASTRUKTUR",1
AS154770,"IDNIC-MULTITERANET-ID PT MULTI TERA INDONESIA",2
AS154771,"IDNIC-KAWANDARU-AS-ID PT Putra Mataram Net",1
AS154772,"IDNIC-HIKMAHNET-AS-ID PT Ada Hikmahnya Technology",1
AS154773,"IDNIC-PAYOWEB-ID PT Payo Web Solutions",1
AS154774,"IDNIC-PTSJN-AS-ID PT Surya Jaringan Nusantara",0
AS154775,"IDNIC-BINTANGORION-AS-ID PT Bintang Orion Sejahtera",1
AS154777,"IDNIC-MODO-ID PT MATA ARTHA DIGITAL",1
AS154778,"IDNIC-JAVVARANET-ID PT JAVVARA TECHNOLOGY SOLUTIONS",0
AS154779,"DATAKOMNAP-AS-ID PT Datakom Padma Jaya",1
AS154788,"IDNIC-DELTAGUNA-ID PT Delta Guna Nusantara",0
AS154789,"IDNIC-CMPNET-ID PT INDAH MEDIA TECH",1
AS154790,"IDNIC-OSSNET-ID PT Optima Satu Solusi",0
AS154792,"IDNIC-MIITRASERAYU-ID PT Mitra Serayu Connection",0
AS154793,"IDNIC-SIGERNET-ID PT Sigernet Telekomunikasi Indonesia",1
AS154794,"IDNIC-INKOB-ID PT Inti Komunikasi Bersama",0
AS154795,"IDNIC-BGN-ID Badan Gizi Nasional",1
AS154797,"IDNIC-CIKALKARSALOKA-ID PT Cikal Karsa Loka",2
AS154798,"IDNIC-POLTEKKESSMG-ID Poltekkes Kemenkes Semarang",1
AS154800,"IDNIC-GILI-WIFI-ID PT Gili Terkoneksi Teknologi",0
AS154802,"IDNIC-PALIKO-ID PT Paliko Cyberlink Teknologi",2
AS154804,"IDNIC-CEPATKILAT-ID PT CEPAT KILAT TEKNOLOGI",2
AS154812,"IDNIC-BERKAHBERSAMA-ID PT BERKAH BERSAMA NETWORK",1
AS154817,"IDNIC-IDO-ID PT Inti Data Optima",0
AS154818,"IDNIC-STARVISIONNET-ID PT Geodig Teknologi Indonesia",0
AS154819,"IDNIC-ELMI-ID PT Ekanet Lintas Media Indonesia",3
AS154830,"IDNIC-EDIK-ID PT Espay Debit Indonesia Koe",0
AS154833,"IDNIC-WIRAHASTAJITU-ID PT WIRA HASTA JITU",3
AS154841,"IDNIC-NOVANET-ID PT INOVASI AKSES NUSANTARA",1
AS154842,"IDNIC-RARA-INDONET-SOLUTION-ID PT RARA INDONET SOLUTION",1
AS154851,"IDNIC-MASIGA-ID PT Masiga Data Indonesia",1
AS154852,"IDNIC-MWS-ID PT MEDIA WARNA SOLUSINDO",0
AS154864,"IDNIC-TELIM-ID PT Telematika Lintas Media",3
AS154865,"IDNIC-SEMUASOLUSI-ID PT Semua Solusi Indonesia",1
AS154869,"IDNIC-LDSNET-ID PT Lintas Digital Sejahtera",0
AS154884,"SOLAT-AS-AP SOLAT",0
AS154886,"IDNIC-POLTEKES-PTK-ID Poltekkes Kemenkes Pontianak",1
AS154888,"IDNIC-SINARPERSADA-ID PT Putra Sinar Mutiara Persada",1
AS154889,"IDNIC-SASIKIRANANET-ID PT Sasikirana Global Teknologi",1
AS154892,"IDNIC-ARKONET-ID PT ARTHA KONEKTIVITAS OPTIMA",1
AS154894,"IDNIC-DPI-ID PT Dataphoria Putra Indonesia",1
AS154895,"IDNIC-NETPRO-ID PT Netpro Akses Solusi",1
AS154896,"IDNIC-GRIYACLOUD-ID CV Griya Cloud Server",1
AS154897,"IDNIC-VINMORZA-ID PT Vinmorza Jaya Nusantara",0
AS154898,"IDNIC-DATAVIA-ID PT DATA VISION NUSANTARA",1
AS154899,"IDNIC-RJA-ID PT Roda Jaya Abadi Multimedia",0
AS154901,"IDNIC-GARUDAAKSES-ID PT GARUDA AKSES NUSANTARA",2
AS154905,"IDNIC-SINADATA-NET-ID PT Sina Data Bersama",4
AS154912,"IDNIC-OGOTDIGITAL-ID PT OGOT DIGITAL NUSANTARA",1
AS154914,"IDNIC-ARMEDA-ID PT ARUS MEDIA DATA",0
AS154915,"IDNIC-SINETRA-ID PT SINERGI NETWORK NUSANTARA",4
AS154916,"IDNIC-MEGARAHARJA-ID PT MEGA RAHARJA INDONESIA",3
AS154917,"IDNIC-CMTPALAS-ID PT CENTRAL MEDIA TECHNOLOGY",0
AS154918,"IDNIC-FIBERZET-ID PT Fiberzet Teknologi Indonesia",0
AS154919,"IDNIC-INFINITYNET-ID PT Infiniti Primata Grup",0
AS154926,"IDNIC-DIGNET-ID PT Durroh Inti Global Network",0
AS154928,"IDNIC-ISTINET-ID PT Trisuta Teknologi Perwira",0
AS154929,"IDNIC-TANJONG-ID PT TANJONG HARAPAN SINERGI",0
AS154930,"IDNIC-BBM-ID PT Beriuk Bareng Maju Network",0
AS154938,"IDNIC-DINETRA-ID PT DIGITECH INDO NETRA",0
AS154939,"IDNIC-PINTERNET-ID PT Pilar Interkoneksi Nusa",0
AS154940,"IDNIC-KHANSA-ID PT Khansa Lipu Solusindo",2
AS154941,"IDNIC-JINORA-ID PT Jaringan Inovasi Nusantara",0
AS154942,"IDNIC-CDP-ID PT Cantika Data Prima",0
AS154943,"IDNIC-PRANATAPRIMATAMA-ID PT Pranata Prima Tama",1
AS154946,"IDNIC-SIKONET-ID PT Sikonet Network Nusantara",0
AS154956,"IDNIC-REALNET-ID PT REAL DATA SOLUSINDO",0
AS154957,"IDNIC-MAJALENGKAKAB-ID DINAS KOMUNIKASI DAN INFORMATIKA KABUPATEN MAJALENGKA",1
AS154958,"IDNIC-JUSTONE-ID PT Justone Network Indonesia",0
AS154959,"IDNIC-AKT-ID PT Andika Komunika Tama",0
AS154962,"IDNIC-NJNET-ID PT NUWEJA NETWORK TECHNOLOGY",0
AS154963,"IDNIC-ZMGGRUP-ID PT ZONA MABAR GRUP",0
AS154964,"IDNIC-UVTEL-ID PT Urban Valley Telecommunication",0
AS154965,"IDNIC-MANYALA-ID PT Manyala Amerta Semesta",0
AS154967,"IDNIC-MURIADUTASINERGI-ID PT Muria Duta Sinergi",0
AS154972,"IDNIC-GIMS-ID PT Global Inovasi Mitra Solusi",0
AS154979,"IDNIC-DZAKINET-ID PT DZAKI WAJAH PRIBUMI",0
AS154981,"IDNIC-ASINET-ID PT Aulia Solusi Internet",2
AS154982,"IDNIC-KOMINFO-KBB-ID Dinas Komunikasi, Informatika dan Statistik Kabupaten Bandung Barat",0
AS154984,"IDNIC-KUALINDO-ID PT Inovasi Jaya Kualindo",0
AS154985,"IDNIC-ASCANET-ID PT Aslita Cakrawala Teknologi",0
AS154986,"IDNIC-BARAYANET-ID PT BARAYA SOLUSI NETWORK",0
AS154987,"IDNIC-AMARTA-ID PT AMARTA TEKNOLOGI NUSANTARA",0
AS154988,"IDNIC-MEREKAHSUKSES-ID PT MEREKAH SUKSES",0
AS154991,"IDNIC-PASTI-ID PT Pasti Inti Telemedia",0
AS154992,"IDNIC-IONEXT-ID PT DATA AWAN NUSANTARA",0
AS155003,"IDNIC-ADNANDATA-ID CV ADNAN DATA",0
AS155004,"IDNIC-LIGHT-ID PT Cahaya Energi Indotama",0
AS197199,"WLJ-CLOUD PT WIDYADHANA LINTAS JARINGAN",0
AS197313,"RMV Roman Veligon",2
AS197587,"LAVACORP-AS PT LAVACORP TEKNOLOGI INDONESIA",0
AS199376,"KOMOREBI Adita Tarkono Putra",1
AS199459,"AlexandroS-AS Alexandro Setiawan",1
AS199592,"WAHYU WAHYU",13
AS199695,"ANYM-NET PT Anym Network Indonesia",5
AS199762,"KOMOREBI Adita Tarkono Putra",0
AS200051,"VPSLab-Networks RIZKI ABDUL AZIS",4
AS200135,"PTPabrikGula PT Pabrik Gula Rajawali II",1
AS200160,"PONGERY Putu Paundrayana Waringin",1
AS200177,"ATLANTIC-AS-ID PT Atlantic Aksa Group",0
AS200240,"EKA-SOPPENG-ID EKA SAPUTRA",2
AS200586,"cakning-id ahmad munir",7
AS201488,"HANIEF-IKHLASUL-AS-ID Ahmad Hanif Ihlasul Amal",1
AS201489,"PTORBITZ PT Orbitz Digital Akses",0
AS201539,"ENC-AS-ID PT EGIDITYA NETWORK CENTER",2
AS202118,"Noctis Luthfi Quartziosa Sulistiyo",2
AS203686,"ILH-AS ILHAM MAULANA",6
AS203868,"RAPDODGENET-ID Rifqi Arief Pamungkas",6
AS203913,"Nurohman Nurohman",0
AS204329,"FAISAL-REZA FAISAL REZA",0
AS205018,"IRSYAD-AS-ID Irsyad Khoirul Anwar",2
AS205422,"SUHERI Suheri",0
AS207571,"WINDHU-PRASETIA Windhu Prasetia",2
AS210842,"Rkzed-As Rohmad Kurniadin",3
AS211338,"ARIF_AWALUDIN Arif Awaludin",0
AS211407,"AS_Perwira_Media PT Perwira Media Solusi",23
AS212001,"RIPE-NUSAIX-AS-ID Muhammad Fhandika Rafif",0
AS213293,"ARIF-AS-ID Arif Setiawan",3
AS213356,"RCF-DIGITAL PT. RCF Digital Advisory",0
AS214028,"Mahdi-Umran Mahdi Umran Dzakwan Akmaludin",1
AS214488,"Jajuli-AS Jajuli",1
AS214882,"ArenHost PT Data Kencang Hutama",3
AS215084,"BINSAR-APIKU-ID binsar yunus herdianton sirait",7
AS215171,"HOSTKITA-AS-ID PT Detroit Network Indonesia",4
AS215208,"PT-Citra-Celebas-Multimedia PT Citra Celebas Multimedia",3
AS215223,"ADEKABANG-AS-ID Mohammad Raska",4
AS215379,"GERALDI-NET Chadinar Geraldi Purnama",1
AS215683,"RID-AS Ridwanulloh",0
AS215967,"jk JK Maryono",1
AS216069,"DJUNARDIALI-AS Djunardi Ali",0
AS216375,"AS-RHZAHRA M Alhuda",0
AS218689,"PakaiCloud PT DOMPAY DIGITAL TECHNOLOGY",0
AS218956,"HUBNET PT SIMPUL DIGITAL NUSANTARA",5
AS219079,"EKO-ANDRI-PRASETYO Eko Andri Prasetyo",1
AS219134,"BAGAS BAGAS PURWA SENTIKA",1
AS219215,"RIMBA-AS M. RIMBA ADHITYA A.",0
AS219433,"ALANTRIWIBOWO Alan Tri Wibowo",3
AS219484,"RIPE-HJC-AS-ID PT HOBIMU JADI CUAN",3
AS402969,"Biocyber",0
